level,type,name,isin,issue_date,maturity_date,face_value,quantity,coupon,rating
2A,Fixed,Corp-657,GR932595579,2024-02-10,2041-02-05,100,42,0.0652,AAA
1,Fixed,TBILL-4509,BO915633821,2021-07-09,2031-07-07,100,29,0.0334,
2A,Fixed,GovBond-3398,FA269952469,2025-11-05,2034-11-03,500,38,0.0296,AA
2A,Fixed,GovBond-3722,VT140412400,2023-06-10,2053-06-02,1000,39,0.0654,AAA
1,Fixed,GOV-8659,NB445860920,2024-11-15,2054-11-08,1000,45,0.0444,
1,Floating,GOV-5104,VS559415256,2025-12-14,2042-12-10,1000,46,,
1,Floating,TBILL-7702,BU822906227,2021-08-08,2043-08-03,1000,46,,
1,Floating,TBILL-2459,DM968890149,2022-03-18,2026-03-17,100,45,,
2A,Fixed,GovBond-3792,XG421211616,2023-07-31,2036-07-27,1000,32,0.0651,AAA
1,Floating,TBILL-5942,RJ783485065,2024-06-22,2054-06-15,1000,24,,
1,Floating,GOV-4199,QK960050836,2023-07-13,2030-07-11,100,1,,
1,Fixed,GOV-5122,UN724725879,2024-01-14,2028-01-13,100,42,0.01,
1,Floating,TBILL-3799,NJ367963984,2025-12-17,2031-12-16,500,22,,
1,Fixed,GOV-4499,WD274922681,2025-10-16,2045-10-11,1000,33,0.0235,
1,Fixed,TBILL-5354,NK769468320,2022-06-10,2052-06-02,1000,42,0.0863,
1,Fixed,GOV-7391,IH437783240,2025-08-13,2042-08-09,1000,43,0.0656,
1,Fixed,TBILL-3923,IY500084589,2024-09-06,2042-09-02,100,11,0.0141,
1,Fixed,TBILL-1949,CD627024410,2023-11-22,2045-11-16,500,4,0.0852,
1,Fixed,GOV-6423,KS267357537,2025-01-02,2041-12-29,1000,50,0.0394,
1,Fixed,GOV-4177,IY744932167,2024-03-20,2049-03-14,1000,26,0.0192,
2B,Fixed,Emerging-2426,ER585212988,2023-07-25,2036-07-21,100,10,0.0469,A
1,Fixed,TBILL-3863,XZ187308486,2022-06-24,2043-06-19,1000,21,0.0273,
1,Fixed,TBILL-112,LG850605717,2024-06-25,2041-06-21,500,25,0.0132,
1,Fixed,TBILL-9475,CP590739666,2022-02-13,2044-02-08,100,20,0.0084,
1,Fixed,TBILL-9454,YD746139179,2023-03-01,2039-02-25,500,47,0.0023,
1,Floating,GOV-5736,FT797790248,2024-01-23,2035-01-20,1000,48,,
1,Floating,TBILL-9918,QM562859939,2025-08-06,2033-08-04,1000,24,,
1,Fixed,GOV-3267,ZK416711019,2021-05-04,2033-05-01,100,49,0.0227,
1,Fixed,TBILL-4537,MQ033722032,2021-09-24,2044-09-18,500,19,0.0347,
1,Fixed,TBILL-3245,LC912881862,2022-03-11,2041-03-06,100,45,0.046,
1,Fixed,GOV-1959,QM995658617,2024-07-23,2030-07-22,1000,49,0.0041,
1,Fixed,TBILL-8142,QH223646739,2025-01-18,2051-01-12,100,30,0.0532,
1,Fixed,TBILL-9471,QP272121214,2025-11-20,2049-11-14,100,20,0.0229,
1,Fixed,TBILL-9400,PX943923315,2025-11-09,2041-11-05,100,44,0.0785,
1,Floating,GOV-6999,NZ403420833,2023-06-30,2027-06-29,1000,27,,
1,Floating,TBILL-5811,HM268635817,2023-04-21,2030-04-19,500,44,,
1,Floating,TBILL-4158,NI758062638,2022-01-30,2033-01-27,100,34,,
1,Fixed,TBILL-3201,RV505390999,2024-02-28,2043-02-23,100,42,0.0534,
1,Floating,TBILL-9567,XH566009124,2023-04-20,2047-04-14,1000,17,,
2A,Fixed,Corp-730,RB435702533,2024-10-28,2046-10-23,100,31,0.0603,AA
1,Floating,GOV-3323,JC779662795,2024-11-09,2043-11-05,1000,43,,
1,Fixed,TBILL-8578,BQ826808796,2023-08-20,2033-08-17,1000,50,0.0091,
2A,Fixed,Corp-9420,BT378643968,2021-02-04,2027-02-03,100,4,0.0583,AA
1,Fixed,TBILL-8120,BL047265003,2023-07-27,2050-07-20,100,16,0.0153,
1,Floating,TBILL-6289,YQ683139226,2025-06-25,2034-06-23,100,21,,
1,Fixed,GOV-8382,QT857841302,2022-03-27,2042-03-22,500,36,0.0407,
1,Fixed,GOV-9355,BT896256973,2025-07-11,2055-07-04,1000,9,0.0004,
1,Fixed,GOV-2872,BL134655881,2022-01-03,2048-12-27,1000,44,0.0167,
1,Floating,GOV-2278,MT475203142,2025-07-15,2037-07-12,100,11,,
1,Floating,TBILL-5275,HI757228958,2021-10-24,2036-10-20,100,21,,
1,Fixed,GOV-111,ZV882801534,2023-05-16,2028-05-14,500,31,0.0034,
1,Fixed,TBILL-9557,VU724841854,2022-04-20,2039-04-16,1000,31,0.0009,
1,Fixed,GOV-9840,LH544654799,2025-11-23,2052-11-16,100,43,0.0336,
1,Floating,TBILL-2491,LJ301766222,2025-01-10,2048-01-05,1000,8,,
1,Fixed,GOV-3318,LY345123921,2021-09-15,2042-09-10,1000,26,0.061,
1,Floating,GOV-2420,QH392956026,2023-09-26,2043-09-21,500,11,,
2A,Fixed,Corp-4295,PP515826800,2021-07-25,2027-07-24,500,10,0.0716,AAA
1,Fixed,GOV-4586,NZ279595057,2024-03-27,2041-03-23,1000,4,0.0662,
1,Fixed,GOV-9375,FY356281919,2025-09-03,2054-08-27,500,20,0.0519,
1,Fixed,TBILL-7352,LK746393112,2024-11-10,2038-11-07,500,23,0.0799,
1,Floating,TBILL-9433,QQ726673191,2025-09-04,2052-08-28,1000,35,,
1,Floating,TBILL-6049,VO894730294,2024-02-19,2031-02-17,500,26,,
1,Floating,GOV-4861,FO470723026,2021-07-24,2039-07-20,100,32,,
1,Fixed,GOV-3405,TK894676297,2025-02-18,2036-02-16,1000,16,0.0221,
1,Fixed,TBILL-2568,UZ385981191,2024-01-19,2028-01-18,1000,37,0.0457,
2A,Fixed,GovBond-8098,ZI513835688,2024-03-28,2031-03-27,500,21,0.0611,AA
2A,Fixed,GovBond-901,HM005843094,2024-07-31,2045-07-26,500,26,0.0631,AA
1,Fixed,TBILL-7625,JI079113917,2025-04-22,2044-04-17,500,26,0.0729,
1,Fixed,GOV-3359,NW677198876,2025-12-09,2039-12-06,100,30,0.0811,
1,Fixed,TBILL-6544,GG700733344,2022-12-07,2034-12-04,1000,44,0.0198,
1,Fixed,TBILL-3942,XG914045772,2023-07-13,2050-07-06,1000,17,0.0052,
1,Fixed,GOV-5915,TE390730504,2022-06-15,2050-06-08,1000,31,0.013,
1,Floating,GOV-1492,SM439313294,2021-01-10,2028-01-09,100,23,,
1,Floating,GOV-6500,VR244147420,2025-01-12,2033-01-10,500,37,,
1,Floating,GOV-5781,NZ714222805,2025-09-30,2036-09-27,100,25,,
1,Floating,GOV-3594,EG300501510,2023-10-06,2043-10-01,1000,2,,
1,Floating,GOV-5967,GC431145357,2024-07-17,2049-07-11,1000,29,,
1,Floating,GOV-747,KA466494626,2023-01-19,2029-01-17,500,31,,
1,Floating,TBILL-4082,EM979442424,2024-02-25,2047-02-19,1000,21,,
1,Fixed,TBILL-7452,CS540431067,2022-11-20,2044-11-14,100,28,0.0453,
1,Fixed,GOV-8529,YL253479079,2023-11-29,2035-11-26,1000,48,0.0276,
1,Fixed,GOV-6619,TL404423022,2023-02-24,2052-02-17,500,36,0.0608,
1,Floating,GOV-6147,HN588419283,2025-08-03,2051-07-28,500,23,,
2A,Fixed,Corp-2645,JP789661849,2025-04-07,2054-03-31,500,20,0.0212,AA
1,Fixed,GOV-8403,RE888245623,2024-07-26,2029-07-25,500,47,0.0982,
1,Fixed,GOV-1675,TF402639737,2022-01-19,2049-01-12,100,23,0.0127,
2A,Fixed,GovBond-6842,SC635918605,2025-06-05,2053-05-29,100,3,0.0592,AA
1,Fixed,TBILL-7700,UE726215297,2022-03-03,2035-02-28,1000,7,0.0437,
1,Fixed,TBILL-1092,AK440620182,2023-11-22,2044-11-16,100,38,0.0422,
1,Fixed,GOV-5561,FF640501012,2025-04-06,2049-03-31,1000,23,0.0737,
1,Floating,GOV-777,TY921684844,2022-12-06,2047-11-30,500,6,,
1,Fixed,GOV-4082,YG592484707,2022-06-13,2033-06-10,500,1,0.0561,
2A,Fixed,GovBond-3686,EP377118912,2025-10-13,2050-10-07,100,40,0.0344,AAA
1,Fixed,TBILL-5522,OZ315578322,2022-08-21,2026-08-20,100,40,0.0065,
1,Floating,TBILL-9319,IE460985953,2021-06-09,2031-06-07,500,8,,
1,Floating,TBILL-2918,IY383822423,2024-09-02,2037-08-30,100,37,,
2B,Floating,Emerging-4937,SS661794663,2022-07-08,2044-07-02,500,46,,A
2A,Fixed,GovBond-5556,UZ643772625,2022-02-02,2027-02-01,100,45,0.0613,AA
2A,Fixed,Corp-1531,VQ639432065,2023-05-12,2039-05-08,1000,15,0.0254,AAA
1,Fixed,GOV-1551,HW611493751,2022-08-07,2047-08-01,1000,23,0.0732,
2A,Fixed,GovBond-1977,OK613595051,2025-02-07,2026-02-07,100,28,0.0319,AA
1,Floating,GOV-4077,JA291291749,2025-03-03,2034-03-01,500,34,,
1,Fixed,TBILL-415,QS585118065,2025-08-11,2047-08-06,1000,43,0.0341,
2B,Floating,Emerging-4379,GH821078944,2020-12-31,2033-12-28,100,25,,A
1,Fixed,GOV-467,BY277386051,2025-09-23,2047-09-18,100,24,0.0029,
1,Fixed,TBILL-7503,PS040880233,2025-08-25,2047-08-20,100,8,0.0908,
1,Fixed,TBILL-7237,LL193353436,2024-06-21,2037-06-18,500,31,0.005,
2A,Fixed,GovBond-1747,IM464225130,2025-06-07,2052-05-31,100,49,0.028,AAA
1,Fixed,TBILL-991,CP134894905,2022-07-30,2039-07-26,1000,40,0.0584,
1,Floating,GOV-7342,NX957713536,2021-07-16,2047-07-10,100,10,,
1,Floating,GOV-9853,BZ478087834,2025-06-01,2042-05-28,100,22,,
1,Fixed,TBILL-1400,TT896014222,2025-04-12,2055-04-05,500,48,0.0396,
1,Fixed,TBILL-203,HD904064497,2021-07-02,2030-06-30,1000,9,0.0386,
1,Floating,GOV-8540,TJ151867660,2024-04-10,2040-04-06,100,4,,
1,Fixed,TBILL-9253,OF764205434,2023-02-05,2036-02-02,1000,14,0.0802,
1,Floating,TBILL-8492,LF559440793,2024-11-22,2041-11-18,1000,30,,
1,Floating,TBILL-5180,AP032355686,2025-09-09,2050-09-03,1000,49,,
1,Floating,GOV-2060,GR348166260,2024-12-31,2030-12-30,1000,20,,
1,Fixed,TBILL-7278,SZ312034532,2024-01-24,2044-01-19,100,14,0.094,
1,Floating,TBILL-3996,FY202137109,2024-10-11,2045-10-06,500,4,,
1,Floating,GOV-3028,EE300218541,2021-09-01,2041-08-27,100,46,,
1,Floating,GOV-3600,YY283334235,2021-04-01,2034-03-29,500,1,,
1,Fixed,GOV-1459,BT585075899,2024-01-04,2027-01-03,1000,47,0.0171,
1,Floating,TBILL-2685,SR808477930,2023-03-25,2038-03-21,1000,32,,
1,Fixed,TBILL-3085,XY962957646,2021-12-02,2049-11-25,500,42,0.0329,
1,Fixed,TBILL-8512,WU215341470,2024-12-19,2041-12-15,100,48,0.048,
1,Floating,GOV-2805,EZ752562196,2021-12-14,2047-12-08,100,46,,
1,Floating,TBILL-6275,MC543913857,2023-01-20,2030-01-18,100,50,,
1,Fixed,TBILL-7765,YW186153415,2024-06-13,2033-06-11,100,36,0.0426,
1,Fixed,GOV-2949,GG564882951,2021-03-30,2041-03-25,1000,35,0.0782,
1,Floating,TBILL-1905,QI928747045,2022-08-24,2049-08-17,1000,50,,
1,Fixed,GOV-2795,XJ426686429,2025-08-09,2042-08-05,1000,1,0.0097,
1,Fixed,GOV-9455,UP062139854,2024-02-27,2030-02-25,100,41,0.0994,
1,Fixed,TBILL-1223,MZ524527826,2022-04-13,2032-04-10,500,39,0.0333,
1,Floating,TBILL-2634,TI715773816,2025-10-20,2034-10-18,1000,22,,
1,Floating,TBILL-8649,AU388714959,2024-12-12,2042-12-08,1000,4,,
1,Fixed,TBILL-8571,LZ663456115,2022-09-22,2027-09-21,500,3,0.0805,
1,Floating,GOV-645,TW833073865,2022-09-18,2034-09-15,500,39,,
1,Floating,GOV-3342,VX735384711,2021-05-03,2049-04-26,500,11,,
1,Floating,TBILL-8753,KZ016884460,2022-07-19,2029-07-17,100,21,,
1,Fixed,TBILL-4495,HM832741329,2023-11-24,2045-11-18,500,12,0.0346,
1,Fixed,TBILL-1076,VM341788028,2022-08-03,2047-07-28,1000,5,0.0358,
1,Floating,TBILL-7224,KW231346501,2025-07-18,2031-07-17,500,31,,
1,Fixed,TBILL-6334,VV750652252,2025-06-26,2052-06-19,1000,25,0.0785,
1,Floating,GOV-5811,PW378877584,2021-08-26,2047-08-20,500,31,,
1,Floating,GOV-4936,FF108459704,2024-09-26,2042-09-22,100,7,,
1,Fixed,GOV-8479,HN840103499,2023-05-07,2027-05-06,1000,24,0.0842,
1,Floating,GOV-8214,HB092358117,2025-01-14,2040-01-11,100,45,,
1,Floating,TBILL-1758,MA601005844,2021-08-29,2035-08-26,1000,5,,
1,Floating,GOV-3167,UR529589909,2022-04-08,2043-04-03,1000,43,,
1,Floating,GOV-4113,GB167918286,2022-11-20,2051-11-13,1000,5,,
1,Floating,TBILL-9418,AJ640175809,2021-09-13,2051-09-06,500,4,,
1,Floating,TBILL-9918,IV841458645,2023-01-06,2048-12-30,1000,42,,
1,Fixed,GOV-3016,UU451774305,2022-11-07,2030-11-05,500,21,0.0443,
2A,Fixed,GovBond-615,MJ993587646,2024-01-05,2027-01-04,100,31,0.0755,AAA
1,Floating,GOV-4237,EU475054898,2024-01-10,2046-01-04,100,4,,
1,Fixed,GOV-8035,DV750021133,2021-03-25,2036-03-21,1000,37,0.0833,
1,Floating,TBILL-2359,ZR629285734,2024-07-02,2028-07-01,1000,6,,
1,Floating,TBILL-8971,NM178187380,2025-03-04,2029-03-03,500,22,,
1,Floating,TBILL-6417,UX680475928,2024-03-20,2032-03-18,1000,22,,
1,Fixed,TBILL-6527,FA956301418,2022-10-07,2034-10-04,500,14,0.0772,
1,Floating,GOV-8001,YU037403692,2025-07-26,2031-07-25,100,32,,
1,Fixed,GOV-8313,XA056590036,2021-02-28,2046-02-22,100,27,0.0226,
1,Fixed,TBILL-3021,VV361293236,2025-03-19,2039-03-16,1000,10,0.0329,
1,Fixed,GOV-3998,TD472425075,2025-05-04,2054-04-27,500,25,0.0771,
1,Fixed,GOV-991,KH878847785,2025-11-10,2042-11-06,1000,32,0.0514,
1,Fixed,TBILL-328,LF019082996,2025-06-09,2032-06-07,100,3,0.0611,
1,Floating,GOV-3011,BR757221846,2023-08-26,2046-08-20,500,46,,
1,Floating,GOV-376,RI700033106,2022-01-17,2050-01-10,100,2,,
1,Floating,TBILL-3818,KX308413709,2021-10-15,2029-10-13,1000,18,,
1,Fixed,GOV-9730,EM932412220,2025-02-07,2051-02-01,500,32,0.0129,
1,Fixed,TBILL-8996,SM609359195,2024-01-26,2038-01-22,1000,20,0.0401,
1,Floating,GOV-2923,OX996197940,2022-07-23,2052-07-15,1000,44,,
1,Floating,TBILL-8639,YW046280606,2023-09-23,2031-09-21,500,9,,
1,Floating,TBILL-801,PJ323003333,2023-06-06,2038-06-02,100,11,,
1,Fixed,TBILL-9740,DX167885324,2024-10-30,2042-10-26,1000,21,0.0192,
2A,Fixed,Corp-7147,FQ903433224,2020-12-25,2041-12-20,100,37,0.0356,AA
1,Floating,TBILL-8968,ZR632357526,2022-05-29,2044-05-23,1000,24,,
1,Floating,TBILL-967,FQ477812971,2024-06-15,2043-06-11,100,32,,
1,Floating,TBILL-9313,HQ753805169,2021-05-30,2026-05-29,100,32,,
1,Fixed,GOV-5606,RL857609177,2021-10-08,2027-10-07,1000,49,0.0114,
1,Fixed,GOV-2225,CA709161722,2024-06-07,2030-06-06,1000,48,0.0457,
1,Floating,TBILL-1327,XY123989200,2022-03-02,2048-02-24,1000,9,,
1,Fixed,TBILL-422,YQ571707071,2025-10-04,2037-10-01,100,12,0.0412,
1,Floating,GOV-4535,YP101979791,2024-12-27,2044-12-22,500,22,,
1,Fixed,GOV-1557,BT578941432,2025-12-08,2044-12-03,100,25,0.0986,
1,Fixed,GOV-9279,NR017032553,2024-03-28,2041-03-24,500,31,0.0801,
1,Fixed,TBILL-5731,BA338951566,2023-01-28,2034-01-25,100,30,0.0744,
1,Fixed,GOV-6504,RM045417256,2021-05-24,2049-05-17,100,16,0.02,
1,Fixed,GOV-1585,AC019618834,2021-02-20,2027-02-19,500,40,0.0941,
1,Fixed,TBILL-2381,ZS293054519,2025-01-19,2043-01-15,100,43,0.0845,
1,Floating,TBILL-380,FT236721751,2021-03-05,2037-03-01,100,12,,
1,Fixed,GOV-7685,JI831790049,2025-05-17,2028-05-16,500,9,0.0237,
1,Fixed,TBILL-7234,QI770354549,2025-12-13,2040-12-09,500,27,0.0853,
1,Fixed,GOV-5337,NP304841601,2024-04-25,2028-04-24,100,6,0.0493,
1,Floating,GOV-3843,DX918758668,2023-08-27,2040-08-22,1000,42,,
1,Fixed,TBILL-6122,BI404983994,2022-11-17,2034-11-14,1000,29,0.0835,
1,Floating,GOV-9354,GU322256086,2024-03-05,2047-02-28,500,43,,
1,Fixed,TBILL-1974,FZ650958703,2023-01-25,2044-01-20,100,33,0.0614,
2A,Fixed,GovBond-7523,CK753081165,2021-10-13,2030-10-11,100,18,0.0452,AA
1,Fixed,GOV-2434,ZZ304516663,2024-12-12,2033-12-10,1000,39,0.0843,
1,Fixed,TBILL-7507,BW705588631,2024-06-04,2031-06-03,1000,48,0.0687,
1,Fixed,GOV-9225,ZP441361460,2023-10-07,2047-10-01,500,8,0.0119,
1,Fixed,TBILL-5451,IN179140517,2024-04-20,2036-04-17,100,33,0.0244,
2B,Fixed,Foreign-7526,WI940042726,2022-02-27,2030-02-25,1000,2,0.0487,BBB
1,Fixed,TBILL-2698,MU638080371,2021-03-20,2044-03-14,100,11,0.0273,
1,Floating,TBILL-7710,MP446300703,2020-12-28,2043-12-23,1000,27,,
1,Fixed,GOV-2324,TA161147297,2025-04-28,2039-04-25,1000,5,0.074,
1,Floating,GOV-935,QV099033329,2025-06-29,2028-06-28,1000,1,,
1,Fixed,GOV-636,FT740900637,2025-07-29,2041-07-25,100,39,0.0871,
1,Floating,TBILL-5904,WB094395617,2021-12-06,2029-12-04,100,41,,
1,Floating,TBILL-7315,KD985193247,2025-06-14,2041-06-10,1000,31,,
1,Floating,GOV-8878,WU801635754,2021-08-10,2041-08-05,100,3,,
1,Floating,GOV-1263,UH151717159,2021-12-28,2044-12-22,100,36,,
1,Fixed,GOV-874,MT658611240,2025-06-25,2036-06-22,1000,27,0.0594,
1,Fixed,GOV-9865,XT164141380,2023-01-24,2046-01-18,1000,6,0.0306,
1,Fixed,GOV-3944,HI815064916,2024-03-29,2054-03-22,1000,24,0.0782,
1,Fixed,TBILL-8746,WQ560713208,2024-10-01,2038-09-28,100,45,0.0919,
1,Fixed,GOV-5359,WU581570883,2024-09-15,2026-09-15,1000,29,0.0792,
1,Fixed,GOV-1023,BD229782978,2025-04-25,2051-04-19,100,27,0.083,
1,Floating,TBILL-238,MN319724859,2025-09-07,2047-09-02,1000,43,,
1,Fixed,GOV-2656,CT029537236,2021-01-10,2047-01-04,1000,50,0.0897,
1,Fixed,GOV-7834,CF446901312,2022-05-20,2030-05-18,100,16,0.0827,
2B,Fixed,Foreign-9292,MM503855521,2022-10-26,2026-10-25,100,1,0.0466,A
1,Floating,GOV-5629,UF112998391,2023-03-04,2047-02-26,100,41,,
1,Floating,GOV-837,WP070989326,2024-01-14,2045-01-08,1000,11,,
1,Floating,GOV-3930,VH012717093,2021-07-07,2030-07-05,100,27,,
1,Floating,TBILL-6352,XJ535792023,2023-01-30,2040-01-26,100,41,,
1,Floating,GOV-6540,SS161705398,2021-02-25,2027-02-24,1000,42,,
1,Floating,TBILL-9226,NJ964117622,2021-04-07,2051-03-31,500,47,,
1,Floating,GOV-3859,SV552562432,2025-06-30,2046-06-25,100,11,,
1,Fixed,TBILL-968,RT352196514,2025-02-04,2054-01-28,1000,50,0.0886,
2A,Fixed,GovBond-4086,EU380917197,2022-11-27,2032-11-24,1000,40,0.027,AA
1,Floating,GOV-5731,HY047755627,2024-02-24,2049-02-17,1000,40,,
1,Floating,TBILL-5516,MV683731827,2022-02-04,2041-01-30,500,1,,
1,Fixed,GOV-5593,WX043468262,2021-05-12,2044-05-06,500,15,0.0008,
1,Floating,GOV-4813,NH092431683,2025-03-19,2046-03-14,1000,11,,
1,Floating,GOV-9922,BS468410904,2023-09-06,2037-09-02,100,40,,
1,Floating,TBILL-7185,PW169853811,2021-05-12,2037-05-08,1000,15,,
2B,Floating,Emerging-7541,MD499750040,2023-02-12,2052-02-05,100,21,,A
1,Floating,TBILL-5129,LK292665373,2022-05-26,2037-05-22,100,8,,
1,Fixed,GOV-3331,AZ861613907,2023-11-18,2035-11-15,100,23,0.0973,
1,Fixed,TBILL-1274,MD507369259,2021-06-23,2040-06-18,100,41,0.0138,
1,Floating,TBILL-4431,CP100883241,2023-04-06,2053-03-29,1000,29,,
1,Floating,TBILL-2999,DL350671915,2021-01-13,2036-01-10,100,7,,
2A,Fixed,GovBond-8091,QB686112820,2025-08-14,2031-08-13,100,21,0.0613,AA
1,Fixed,TBILL-4356,KV627010313,2021-02-12,2027-02-11,100,25,0.072,
1,Floating,GOV-2618,CV831269891,2024-01-13,2043-01-08,500,2,,
1,Fixed,GOV-7947,RU699843803,2022-01-21,2035-01-18,1000,23,0.0432,
1,Floating,TBILL-1061,TV951700995,2021-11-26,2050-11-19,100,20,,
1,Fixed,TBILL-1256,EU347081601,2020-12-28,2030-12-26,500,5,0.0486,
1,Fixed,TBILL-1569,IE653399486,2024-10-25,2051-10-19,500,39,0.0722,
1,Floating,TBILL-2444,KA079431200,2025-06-15,2046-06-10,500,16,,
1,Fixed,GOV-6261,BA904330567,2025-07-12,2054-07-05,100,45,0.0055,
1,Fixed,GOV-4566,BJ734890952,2023-10-02,2049-09-25,500,30,0.0777,
1,Floating,GOV-9107,TX121472339,2021-10-13,2036-10-09,100,49,,
1,Floating,TBILL-2496,ID825767824,2025-11-04,2050-10-29,1000,37,,
1,Fixed,GOV-7251,XI524432442,2023-02-15,2033-02-12,1000,43,0.0466,
1,Fixed,TBILL-5322,RA416615573,2022-02-19,2044-02-14,1000,30,0.0299,
1,Floating,GOV-4327,ZE449410216,2022-08-09,2038-08-05,100,46,,
1,Fixed,GOV-1477,ER430374046,2024-06-18,2041-06-14,500,26,0.051,
1,Fixed,GOV-3637,FV647863869,2021-11-05,2038-11-01,500,45,0.0536,
1,Fixed,TBILL-1384,CY416385854,2021-10-22,2047-10-16,500,18,0.0587,
1,Floating,TBILL-4752,NN463188525,2021-08-06,2031-08-04,100,5,,
1,Fixed,TBILL-5035,JM387445387,2022-09-25,2026-09-24,500,34,0.0634,
1,Fixed,TBILL-4610,EW439805846,2021-08-20,2047-08-14,1000,43,0.0585,
2B,Floating,Emerging-5900,GO204008518,2023-04-11,2048-04-04,100,42,,BBB
1,Floating,TBILL-8606,NP460669488,2023-06-30,2052-06-22,1000,31,,
2A,Fixed,GovBond-8721,RI734813463,2025-07-16,2053-07-09,100,43,0.0785,AA
1,Floating,TBILL-9167,AK456153994,2025-04-03,2039-03-31,500,37,,
1,Fixed,GOV-5356,YJ922022232,2025-11-12,2033-11-10,500,23,0.0545,
1,Floating,TBILL-9132,VJ116899169,2023-11-18,2049-11-11,500,48,,
2A,Fixed,Corp-9815,YG794516764,2025-06-08,2041-06-04,500,4,0.0488,AAA
1,Floating,TBILL-5111,BX117469614,2024-09-18,2034-09-16,1000,19,,
1,Floating,GOV-5602,GG612271819,2022-06-01,2034-05-29,1000,23,,
1,Floating,GOV-723,ED972994827,2021-12-27,2033-12-24,1000,10,,
1,Fixed,TBILL-7973,DE559016862,2023-05-18,2035-05-15,1000,13,0.0976,
1,Floating,TBILL-2736,ZP339717489,2023-06-20,2030-06-18,500,43,,
1,Fixed,TBILL-5920,US327665849,2023-05-12,2046-05-06,100,5,0.0777,
1,Fixed,TBILL-9493,XZ301437079,2021-08-26,2027-08-25,100,44,0.0187,
1,Floating,GOV-9216,GT123088138,2022-03-11,2026-03-10,500,5,,
1,Floating,TBILL-6725,WI977569858,2024-08-04,2034-08-02,500,46,,
2A,Fixed,GovBond-2040,JZ790555178,2021-02-24,2046-02-18,500,8,0.0208,AA
1,Fixed,TBILL-3862,BM244396915,2024-10-12,2030-10-11,100,46,0.092,
1,Floating,TBILL-3579,YD899589820,2021-09-01,2034-08-29,1000,38,,
1,Floating,TBILL-1891,LU718753674,2022-02-13,2029-02-11,500,12,,
1,Fixed,GOV-3818,NO032741342,2021-02-19,2043-02-14,500,46,0.0014,
1,Floating,GOV-5182,ZF695621972,2022-09-06,2043-09-01,1000,50,,
1,Fixed,GOV-4236,VZ557199915,2021-06-11,2038-06-07,500,43,0.0968,
1,Fixed,GOV-6836,FO947649196,2021-11-09,2028-11-07,100,20,0.0796,
1,Fixed,GOV-6103,YP416763023,2023-03-17,2030-03-15,100,34,0.021,
2B,Floating,Corp-519,NF108569585,2023-12-27,2037-12-23,100,41,,A
1,Floating,TBILL-556,OT495811514,2023-08-17,2041-08-12,500,39,,
1,Fixed,GOV-5255,IN681144539,2021-04-09,2051-04-02,500,34,0.0185,
1,Fixed,TBILL-1479,PM109912504,2025-01-03,2037-12-31,500,35,0.0644,
1,Floating,GOV-7322,LT634664523,2021-07-29,2046-07-23,500,5,,
2A,Fixed,Corp-4195,WT557233847,2025-12-17,2031-12-16,100,26,0.0658,AA
1,Fixed,GOV-8555,RO142222451,2024-10-03,2049-09-27,1000,17,0.078,
2A,Fixed,GovBond-6826,SP346142598,2024-02-04,2026-02-03,500,48,0.0325,AAA
1,Fixed,TBILL-725,SK752544768,2024-06-07,2054-05-31,100,47,0.0689,
1,Floating,TBILL-4775,UN558618318,2024-03-03,2054-02-24,100,9,,
1,Fixed,GOV-3205,OB720810221,2025-10-29,2048-10-23,500,46,0.0444,
1,Floating,GOV-9069,ET316795311,2024-02-26,2034-02-23,500,50,,
1,Floating,TBILL-576,VE016792875,2022-07-23,2043-07-18,1000,24,,
1,Floating,GOV-9752,KL620308420,2024-07-16,2031-07-15,1000,48,,
1,Fixed,TBILL-6630,VI040978989,2025-10-28,2027-10-28,500,9,0.089,
2A,Fixed,GovBond-2090,GO008981572,2023-11-25,2049-11-18,500,47,0.0201,AA
1,Floating,GOV-2373,IA331924670,2025-07-25,2042-07-21,100,1,,
1,Floating,GOV-8836,FJ259848219,2024-06-20,2041-06-16,100,15,,
1,Floating,TBILL-1457,OR744360531,2024-06-30,2032-06-28,1000,40,,
1,Floating,GOV-8770,PG596847175,2021-11-04,2028-11-02,100,4,,
1,Fixed,TBILL-7782,QH587802493,2022-03-15,2047-03-09,100,15,0.0653,
1,Fixed,TBILL-9995,VQ761778017,2021-12-19,2044-12-13,500,18,0.0104,
1,Fixed,TBILL-2760,ZK488673910,2023-07-02,2047-06-26,500,50,0.0416,
1,Fixed,TBILL-1441,LX096952942,2023-09-14,2042-09-09,100,43,0.0767,
1,Fixed,TBILL-9593,AD663011759,2022-09-10,2052-09-02,500,11,0.0552,
1,Floating,GOV-8687,YP844823472,2021-09-06,2037-09-02,1000,50,,
1,Fixed,GOV-1102,LH232867161,2025-12-03,2037-11-30,100,38,0.0408,
1,Floating,TBILL-6281,EY644610239,2025-05-03,2029-05-02,500,26,,
1,Fixed,TBILL-2812,LF193247178,2023-03-11,2042-03-06,1000,34,0.0533,
1,Fixed,GOV-2785,FJ159601604,2024-07-30,2034-07-28,500,23,0.0171,
1,Floating,GOV-1145,WI325291590,2021-11-30,2026-11-29,100,29,,
1,Floating,TBILL-2665,PQ716412334,2025-01-29,2026-01-29,1000,44,,
1,Floating,GOV-9527,AQ191467013,2023-10-07,2052-09-29,500,27,,
1,Fixed,GOV-8743,YG986910890,2022-07-13,2050-07-06,1000,24,0.0707,
1,Fixed,TBILL-394,UX843997166,2023-05-07,2033-05-04,100,14,0.0258,
1,Fixed,TBILL-2446,UB580276866,2022-01-22,2048-01-16,500,42,0.0482,
1,Floating,TBILL-2672,ZT826029215,2021-06-07,2040-06-02,500,19,,
1,Fixed,GOV-5898,LR073612648,2024-12-06,2037-12-03,100,38,0.0233,
1,Floating,TBILL-2152,MC605067768,2024-12-18,2038-12-15,100,27,,
1,Floating,TBILL-9737,TY646225915,2024-08-28,2031-08-27,500,35,,
1,Fixed,TBILL-2780,JM488118365,2023-03-12,2053-03-04,500,4,0.0923,
1,Fixed,GOV-7484,AC285434998,2022-08-18,2050-08-11,500,22,0.0139,
1,Floating,TBILL-734,UQ461972159,2025-07-01,2051-06-25,1000,26,,
1,Fixed,GOV-5073,CB268227926,2024-08-26,2029-08-25,1000,14,0.0043,
2B,Fixed,Foreign-2717,UD056595459,2024-07-28,2029-07-27,500,33,0.061,BBB
1,Floating,GOV-7928,NY004231694,2024-03-18,2031-03-17,100,38,,
1,Fixed,TBILL-3789,PO055361936,2022-12-27,2050-12-20,500,33,0.0295,
1,Floating,GOV-4692,TI079050983,2022-07-24,2043-07-19,1000,21,,
1,Floating,TBILL-6966,CC788137530,2021-07-11,2031-07-09,1000,21,,
1,Floating,GOV-3093,JH240508757,2022-01-08,2044-01-03,1000,5,,
1,Fixed,TBILL-1103,JV505947054,2025-04-26,2032-04-24,500,33,0.0125,
1,Floating,GOV-2979,OQ815927718,2024-05-24,2054-05-17,100,29,,
1,Floating,TBILL-7936,FY197072461,2022-08-08,2032-08-05,100,4,,
1,Floating,TBILL-9532,VG491503932,2021-05-02,2030-04-30,1000,28,,
1,Fixed,GOV-3171,XF860401685,2023-01-04,2043-12-30,100,16,0.0161,
1,Fixed,TBILL-2723,WZ149754039,2025-10-26,2054-10-19,100,47,0.0941,
2A,Fixed,GovBond-625,PQ923011254,2024-09-18,2033-09-16,100,39,0.0207,AAA
2A,Fixed,Corp-1,YL731772837,2023-08-29,2046-08-23,1000,37,0.0256,AAA
1,Fixed,GOV-8234,HD789584000,2025-10-08,2032-10-06,100,7,0.0488,
1,Floating,TBILL-7270,LN890929691,2024-09-27,2028-09-26,500,25,,
1,Floating,TBILL-1650,XZ867883796,2022-09-01,2029-08-30,500,49,,
1,Floating,GOV-5737,FZ424101482,2021-03-03,2026-03-02,1000,19,,
1,Floating,GOV-9162,NY086938461,2023-05-05,2039-05-01,500,5,,
1,Fixed,TBILL-4901,NJ164567818,2023-06-26,2044-06-20,100,15,0.0052,
1,Floating,TBILL-7616,AE355309015,2025-06-05,2031-06-04,500,42,,
1,Floating,GOV-162,AM389980278,2023-03-13,2051-03-06,500,21,,
1,Floating,TBILL-4386,PC465411767,2021-10-27,2046-10-21,100,29,,
1,Fixed,TBILL-3532,ZL893252125,2022-11-25,2030-11-23,1000,17,0.0928,
1,Floating,GOV-1819,HL426569667,2025-03-23,2054-03-16,1000,39,,
1,Fixed,GOV-2829,HO289073129,2024-11-29,2048-11-23,1000,49,0.0828,
1,Floating,GOV-9787,AS634891177,2022-09-23,2051-09-16,500,7,,
1,Fixed,TBILL-5660,RD268960487,2024-08-27,2037-08-24,500,49,0.0909,
1,Fixed,TBILL-8502,MN894122148,2022-05-09,2030-05-07,1000,41,0.097,
1,Fixed,GOV-6750,CA097039847,2022-11-18,2051-11-11,100,11,0.0925,
1,Fixed,TBILL-1543,AJ465095759,2025-12-04,2037-12-01,500,5,0.0118,
1,Floating,TBILL-5947,CI390981259,2025-10-20,2034-10-18,1000,17,,
1,Floating,GOV-5335,HU566432683,2023-05-25,2041-05-20,100,12,,
1,Fixed,GOV-7801,KW460637311,2021-02-21,2040-02-17,500,37,0.0552,
1,Floating,GOV-4116,SH888953324,2025-08-11,2045-08-06,1000,6,,
1,Floating,TBILL-3294,CX168851089,2023-07-15,2036-07-11,100,36,,
2A,Fixed,Corp-7763,UN764018550,2025-03-30,2053-03-23,1000,35,0.0239,AA
1,Fixed,TBILL-246,AF414469679,2022-04-24,2049-04-17,500,21,0.0007,
1,Fixed,GOV-768,SN525428743,2023-05-03,2032-04-30,1000,37,0.0483,
1,Floating,GOV-3946,UI611992533,2021-08-20,2046-08-14,1000,20,,
1,Floating,TBILL-2102,FM296224692,2024-04-24,2040-04-20,500,42,,
1,Fixed,GOV-6686,AN997951535,2021-06-22,2047-06-16,1000,49,0.065,
1,Floating,GOV-9037,DG332704904,2023-03-26,2045-03-20,500,15,,
1,Fixed,TBILL-8526,ZY502137627,2023-08-26,2039-08-22,1000,10,0.0267,
1,Fixed,GOV-4766,XF787884163,2021-06-08,2051-06-01,500,9,0.0049,
1,Floating,GOV-6513,RJ193408308,2024-04-21,2028-04-20,500,49,,
1,Fixed,TBILL-2215,UE604008824,2021-12-05,2027-12-04,100,12,0.021,
1,Floating,TBILL-273,ZK588006562,2025-10-29,2027-10-29,500,15,,
1,Fixed,TBILL-711,QR594942918,2020-12-22,2029-12-20,1000,8,0.0615,
1,Floating,TBILL-9207,UY184291697,2025-07-17,2055-07-10,500,22,,
2A,Fixed,GovBond-4975,AG011614327,2023-06-27,2046-06-21,500,36,0.0411,AAA
1,Fixed,TBILL-6797,CB247744678,2021-01-29,2041-01-24,500,16,0.0227,
1,Fixed,TBILL-4158,UX859564560,2023-05-12,2052-05-04,1000,35,0.0218,
1,Floating,GOV-3910,OB958599645,2022-11-19,2031-11-17,500,15,,
1,Fixed,GOV-3645,TG458413995,2023-11-17,2045-11-11,1000,47,0.0507,
1,Fixed,GOV-2397,GS481064266,2022-01-31,2042-01-26,500,9,0.0857,
1,Floating,TBILL-9521,UW370044972,2022-08-14,2045-08-08,500,28,,
1,Fixed,TBILL-8058,HO430239878,2023-02-14,2030-02-12,1000,46,0.0435,
1,Fixed,GOV-2272,SZ938755276,2025-12-17,2028-12-16,100,43,0.0781,
1,Floating,GOV-4100,DO623265901,2023-08-31,2043-08-26,500,4,,
2B,Fixed,Emerging-372,MA826137610,2025-03-11,2055-03-04,100,32,0.0308,A
1,Fixed,TBILL-804,HC271381453,2025-09-04,2034-09-02,500,3,0.09,
1,Fixed,GOV-5378,ZT535682667,2022-10-25,2041-10-20,100,3,0.0872,
1,Floating,GOV-7612,OO089435931,2023-05-01,2036-04-27,1000,5,,
1,Floating,GOV-3629,SD070727009,2024-07-23,2028-07-22,100,6,,
1,Fixed,TBILL-9369,YX633300172,2025-10-17,2030-10-16,100,15,0.074,
1,Fixed,GOV-4424,RX818609239,2025-06-16,2048-06-10,1000,46,0.0102,
1,Floating,TBILL-5384,OX188206091,2024-12-26,2053-12-19,1000,26,,
1,Fixed,GOV-7728,LD533683117,2022-04-04,2043-03-30,500,40,0.0195,
2A,Fixed,GovBond-98,MI796553870,2023-11-26,2042-11-21,100,44,0.0466,AA
1,Floating,GOV-4781,ZO703121393,2021-01-12,2045-01-06,1000,1,,
1,Floating,GOV-4924,RW549773098,2024-06-02,2054-05-26,500,6,,
1,Floating,TBILL-3843,AD738493808,2025-04-12,2037-04-09,1000,6,,
1,Fixed,GOV-6881,TM626011475,2024-05-16,2035-05-14,1000,34,0.0746,
1,Fixed,TBILL-2791,JI012932934,2024-03-06,2046-03-01,100,18,0.0905,
1,Floating,TBILL-7737,ZG104698637,2021-03-27,2040-03-22,1000,36,,
1,Fixed,GOV-8256,LU357677711,2024-05-07,2048-05-01,500,40,0.0404,
1,Floating,TBILL-1714,OG261273934,2023-09-03,2053-08-26,1000,19,,
1,Fixed,GOV-4236,DK607661566,2022-03-19,2046-03-13,1000,3,0.0668,
1,Floating,GOV-5370,ZX822472814,2021-03-25,2047-03-19,1000,43,,
1,Fixed,TBILL-1474,IK872643678,2024-11-15,2031-11-14,100,46,0.0234,
1,Floating,TBILL-4971,PD280037660,2025-06-24,2047-06-19,1000,4,,
1,Fixed,GOV-4940,NU774733959,2022-09-09,2030-09-07,500,15,0.084,
1,Fixed,GOV-8767,DQ450386790,2023-02-11,2052-02-04,500,29,0.0753,
1,Fixed,GOV-6842,ZZ447379789,2021-07-19,2040-07-14,100,37,0.0991,
1,Fixed,GOV-7563,QZ549085827,2025-07-28,2040-07-24,1000,28,0.0721,
1,Floating,GOV-2756,QP056590106,2024-05-18,2054-05-11,1000,7,,
1,Floating,GOV-7849,BZ667671652,2024-06-04,2051-05-29,1000,11,,
1,Floating,TBILL-5321,MZ982492556,2022-01-19,2028-01-18,500,7,,
1,Floating,TBILL-1706,PB752198421,2021-08-04,2048-07-28,500,11,,
1,Floating,GOV-5324,PZ103032392,2025-03-04,2032-03-02,1000,46,,
1,Floating,GOV-4738,AD210831757,2021-04-28,2048-04-21,500,24,,
1,Fixed,GOV-1494,RZ161626746,2025-06-27,2035-06-25,1000,32,0.0174,
1,Fixed,TBILL-5783,MI260065633,2021-03-13,2033-03-10,500,40,0.0143,
1,Fixed,GOV-4214,KS801407238,2022-11-01,2037-10-28,500,38,0.0614,
2A,Fixed,Corp-875,FK594468448,2021-05-02,2029-04-30,1000,45,0.0503,AAA
1,Floating,GOV-9618,FD289243853,2024-11-08,2036-11-05,500,36,,
1,Floating,GOV-5848,PP954940117,2021-04-20,2049-04-13,100,41,,
1,Fixed,TBILL-9661,PH155235256,2022-10-25,2047-10-19,1000,12,0.0584,
1,Floating,GOV-2721,EU253623753,2024-08-28,2048-08-22,500,7,,
1,Fixed,GOV-2518,TU017693879,2023-01-05,2050-12-29,500,44,0.0902,
1,Floating,GOV-1737,AU566855104,2024-06-28,2041-06-24,100,12,,
1,Floating,TBILL-4631,VO696515993,2024-06-17,2054-06-10,1000,50,,
1,Fixed,TBILL-5343,SF075147583,2022-11-27,2038-11-23,500,27,0.0005,
1,Fixed,GOV-8160,WX317908440,2021-10-30,2034-10-27,100,45,0.0865,
1,Fixed,GOV-6572,MG835136923,2023-02-23,2051-02-16,500,29,0.0696,
1,Floating,GOV-440,UK519211270,2024-11-30,2054-11-23,100,23,,
1,Fixed,GOV-3345,EH820196357,2022-08-18,2039-08-14,1000,38,0.0366,
1,Fixed,GOV-7481,RW219986741,2023-11-13,2036-11-09,1000,16,0.0035,
1,Fixed,TBILL-3206,FX570652472,2022-01-04,2040-12-30,100,13,0.0126,
1,Floating,GOV-8317,IK344965667,2022-06-29,2040-06-24,100,8,,
1,Floating,TBILL-3409,MY728325754,2022-05-01,2031-04-29,1000,32,,
2B,Fixed,Foreign-3397,AQ362408167,2024-01-18,2048-01-12,1000,4,0.071,A
1,Floating,TBILL-6092,AE550695862,2022-01-28,2045-01-22,100,34,,
1,Floating,TBILL-1226,XB961053907,2024-09-14,2040-09-10,1000,3,,
1,Floating,GOV-2653,QQ692718662,2022-08-01,2031-07-30,500,45,,
1,Floating,GOV-7728,RD228715477,2022-03-05,2035-03-02,500,46,,
2B,Floating,Corp-7948,OC357753434,2025-01-04,2050-12-29,1000,30,,A
2A,Fixed,GovBond-4941,CH885584176,2024-05-18,2053-05-11,1000,50,0.0655,AAA
1,Fixed,TBILL-626,AK473652836,2023-10-13,2037-10-09,100,30,0.0641,
1,Floating,GOV-2626,BA863267233,2023-07-06,2031-07-04,100,19,,
1,Floating,TBILL-4801,AK332907778,2021-12-10,2040-12-05,100,14,,
1,Fixed,TBILL-3973,BG780633494,2025-01-31,2034-01-29,500,7,0.0454,
1,Fixed,GOV-9529,VA326346168,2025-07-05,2048-06-29,100,40,0.0075,
1,Floating,TBILL-8280,XA942660949,2022-04-23,2035-04-20,500,48,,
1,Floating,TBILL-6102,DK454068784,2021-02-19,2029-02-17,1000,7,,
1,Floating,TBILL-4032,AV976389614,2022-08-20,2026-08-19,500,40,,
1,Fixed,TBILL-8833,KB038060860,2021-06-10,2048-06-03,500,44,0.0059,
1,Floating,GOV-2272,NC168311857,2024-03-02,2037-02-27,500,29,,
1,Floating,GOV-5249,PG374963783,2025-09-04,2054-08-28,1000,29,,
2A,Fixed,GovBond-751,IO493935361,2022-09-02,2036-08-29,100,9,0.0672,AAA
1,Fixed,GOV-3945,AI293931844,2024-01-14,2047-01-08,500,3,0.0005,
1,Fixed,TBILL-5694,ZG489330155,2025-04-30,2053-04-23,100,31,0.0146,
1,Fixed,GOV-6698,LY450291630,2022-10-05,2033-10-02,500,31,0.0507,
1,Floating,TBILL-1465,GY223699524,2024-11-12,2041-11-08,100,26,,
1,Fixed,TBILL-8674,QH829823835,2021-08-31,2045-08-25,100,49,0.0594,
1,Fixed,TBILL-1593,SR402213572,2023-05-07,2046-05-01,100,1,0.0548,
1,Floating,GOV-8275,HU857648751,2022-05-06,2043-05-01,100,12,,
1,Fixed,TBILL-8392,VC727922134,2024-12-03,2034-12-01,1000,21,0.0826,
1,Fixed,GOV-5058,CD912461801,2022-09-27,2031-09-25,100,20,0.0916,
2B,Fixed,Emerging-4871,ON526755407,2025-02-04,2029-02-03,1000,19,0.0683,BBB
1,Floating,GOV-1270,TD694427382,2021-06-11,2045-06-05,100,28,,
1,Fixed,GOV-2376,AP613307317,2022-04-09,2034-04-06,100,35,0.0678,
1,Fixed,GOV-9740,BN846672558,2025-05-18,2027-05-18,100,42,0.0877,
1,Fixed,TBILL-2970,AR686523937,2023-03-28,2046-03-22,1000,46,0.0621,
2A,Fixed,GovBond-2411,XZ239147961,2025-06-26,2041-06-22,100,13,0.0627,AA
1,Floating,TBILL-2333,RS549487694,2025-07-03,2039-06-30,500,41,,
1,Fixed,TBILL-1755,AR498669922,2021-03-20,2027-03-19,500,12,0.0459,
1,Fixed,TBILL-1221,TY420190757,2022-05-17,2029-05-15,500,5,0.0884,
1,Floating,TBILL-8905,XR537347967,2024-12-21,2053-12-14,100,24,,
1,Fixed,GOV-2868,MV106717911,2023-08-07,2036-08-03,100,5,0.0343,
1,Fixed,GOV-7688,QH987755973,2021-03-06,2046-02-28,100,50,0.0804,
2B,Fixed,Emerging-1163,LF246504215,2025-01-20,2052-01-14,100,19,0.0429,BBB
1,Floating,TBILL-8187,SU751131518,2024-03-07,2034-03-05,500,41,,
1,Fixed,TBILL-1563,HZ186331543,2021-03-25,2035-03-22,500,2,0.0725,
1,Floating,GOV-738,XL940074828,2025-12-01,2031-11-30,1000,30,,
1,Fixed,GOV-7937,NF308693193,2025-07-30,2034-07-28,100,31,0.0641,
1,Fixed,TBILL-337,YL411827263,2022-04-15,2031-04-13,100,48,0.0321,
1,Fixed,GOV-8816,EM752802696,2022-05-16,2026-05-15,100,3,0.0986,
1,Fixed,GOV-4598,MR190085629,2022-04-06,2044-03-31,100,6,0.0943,
1,Fixed,GOV-7388,LY040016098,2025-04-16,2032-04-14,1000,23,0.0129,
1,Floating,GOV-3056,XK248047498,2023-07-04,2040-06-29,100,40,,
1,Fixed,TBILL-1257,SV738636458,2025-09-13,2046-09-08,1000,30,0.0353,
1,Floating,GOV-644,BU865416481,2024-04-20,2036-04-17,500,16,,
1,Fixed,TBILL-1617,CK389843765,2022-04-13,2045-04-07,500,31,0.054,
2A,Fixed,GovBond-3995,BK909805771,2025-03-01,2042-02-25,500,47,0.0234,AA
1,Fixed,TBILL-1457,SY692960672,2022-11-04,2027-11-03,100,13,0.0733,
1,Fixed,GOV-2614,CD340254097,2021-08-06,2043-08-01,500,26,0.0238,
1,Fixed,GOV-7158,YR280759394,2023-02-25,2037-02-21,1000,12,0.0153,
1,Floating,GOV-5546,KV413878494,2025-03-20,2054-03-13,500,42,,
1,Fixed,TBILL-6739,TW019995071,2022-11-11,2036-11-07,100,38,0.0798,
1,Floating,TBILL-3455,TF573608205,2022-09-07,2046-09-01,500,4,,
1,Fixed,TBILL-7674,FB000425615,2024-02-11,2036-02-08,100,30,0.0673,
1,Floating,TBILL-2056,LT301641966,2024-05-23,2035-05-21,1000,16,,
1,Floating,TBILL-9214,NC134186849,2023-09-04,2040-08-30,100,41,,
1,Floating,TBILL-4135,FI911215640,2024-06-21,2042-06-17,500,41,,
1,Fixed,GOV-4030,TP041252967,2025-01-19,2040-01-16,500,2,0.0046,
1,Floating,TBILL-5868,VF453452799,2023-11-09,2037-11-05,100,14,,
1,Fixed,TBILL-4947,LW591154312,2023-11-17,2041-11-12,500,25,0.0248,
1,Floating,TBILL-4162,SL894687254,2025-06-09,2037-06-06,500,41,,
1,Fixed,GOV-5550,FJ514155055,2022-04-27,2048-04-20,1000,2,0.0049,
1,Fixed,TBILL-8025,KG930055401,2024-11-05,2053-10-29,500,38,0.0229,
1,Fixed,TBILL-4569,VH980456951,2023-12-30,2036-12-26,500,15,0.0233,
2A,Fixed,GovBond-7267,XW824908427,2022-04-10,2048-04-03,1000,10,0.072,AA
1,Fixed,GOV-4115,CA014770703,2024-11-19,2054-11-12,100,31,0.0884,
1,Fixed,GOV-5745,CH538782586,2025-03-07,2037-03-04,100,48,0.014,
1,Fixed,GOV-579,VE481858726,2025-07-30,2039-07-27,100,44,0.0222,
1,Floating,GOV-7167,XW718445228,2021-11-19,2029-11-17,1000,12,,
1,Floating,TBILL-4976,YW513172320,2022-07-13,2043-07-08,100,20,,
2A,Fixed,GovBond-8217,PN641409529,2022-02-22,2052-02-15,500,45,0.0364,AAA
1,Floating,TBILL-6884,MT302369646,2021-11-30,2039-11-26,500,2,,
1,Fixed,TBILL-7090,SG160211537,2022-11-22,2029-11-20,100,8,0.0116,
1,Fixed,GOV-5661,CO068829598,2025-09-22,2049-09-16,1000,50,0.0703,
1,Fixed,TBILL-4394,EO305598588,2024-09-05,2035-09-03,100,5,0.0275,
1,Fixed,TBILL-7493,QF059985575,2021-01-30,2029-01-28,500,27,0.0106,
1,Floating,TBILL-2019,JM769450985,2024-10-06,2033-10-04,500,39,,
1,Fixed,TBILL-6742,YX935066828,2024-09-13,2027-09-13,100,27,0.012,
1,Fixed,GOV-7227,MJ812273753,2022-09-03,2029-09-01,1000,5,0.074,
1,Fixed,GOV-5538,ZB204045644,2025-06-19,2055-06-12,1000,47,0.035,
1,Floating,GOV-1484,LC536767831,2024-04-28,2044-04-23,100,45,,
2A,Fixed,Corp-993,WA275595142,2021-03-24,2050-03-17,1000,6,0.0706,AA
1,Floating,TBILL-2897,PU867685692,2023-11-24,2048-11-17,500,29,,
1,Fixed,GOV-1829,IN438687561,2024-07-16,2034-07-14,500,3,0.0145,
1,Fixed,TBILL-7649,FT486521467,2024-03-03,2044-02-27,100,42,0.0865,
1,Fixed,GOV-2992,UE000536495,2024-10-10,2054-10-03,100,15,0.0966,
1,Fixed,TBILL-6306,KL303483697,2025-12-08,2042-12-04,1000,5,0.091,
1,Floating,TBILL-6384,ML838200097,2023-05-14,2035-05-11,100,1,,
1,Floating,TBILL-3692,EF401591463,2022-10-03,2036-09-29,500,35,,
1,Floating,TBILL-5989,MU685590431,2023-08-04,2040-07-30,500,37,,
1,Fixed,GOV-3728,NP108897917,2022-11-04,2049-10-28,1000,32,0.0834,
1,Floating,GOV-4862,BV355105917,2024-05-16,2036-05-13,500,10,,
1,Floating,TBILL-4024,WQ822320628,2022-12-27,2037-12-23,100,33,,
1,Fixed,TBILL-7590,RS996920343,2025-07-03,2037-06-30,100,16,0.0965,
1,Floating,GOV-6771,SF896396043,2023-05-31,2051-05-24,1000,33,,
1,Floating,GOV-9354,XA037764311,2023-09-06,2032-09-03,1000,31,,
1,Fixed,GOV-2830,YR583094069,2025-09-12,2041-09-08,500,4,0.0845,
1,Floating,GOV-5397,FH039511683,2022-08-28,2039-08-24,100,40,,
1,Fixed,TBILL-7138,VL325850038,2020-12-19,2028-12-17,500,48,0.0276,
1,Fixed,GOV-5377,MP253285022,2023-06-30,2030-06-28,100,7,0.0902,
1,Fixed,TBILL-9484,LT234381448,2023-11-25,2046-11-19,1000,12,0.0431,
1,Floating,TBILL-508,SQ792559986,2023-02-13,2028-02-12,500,13,,
1,Fixed,GOV-339,DH629400056,2022-08-17,2048-08-10,500,48,0.0216,
1,Floating,TBILL-6291,LU770576543,2021-10-26,2048-10-19,500,6,,
1,Fixed,TBILL-9330,QE537839413,2025-11-02,2032-10-31,100,9,0.0202,
1,Fixed,GOV-7009,SQ007218971,2021-12-09,2045-12-03,500,47,0.0363,
1,Fixed,TBILL-9847,RA856371792,2025-09-01,2026-09-01,1000,42,0.0031,
1,Floating,GOV-389,AK112740861,2021-12-26,2048-12-19,500,42,,
1,Fixed,TBILL-680,LL257537970,2021-07-19,2034-07-16,500,26,0.0292,
1,Floating,TBILL-8855,AS538997596,2024-11-30,2041-11-26,100,13,,
1,Floating,TBILL-9382,XC667022088,2025-01-29,2033-01-27,100,31,,
1,Fixed,TBILL-5868,VT209587135,2023-10-18,2038-10-14,100,41,0.077,
1,Fixed,TBILL-4650,SE289302917,2023-04-04,2053-03-27,500,33,0.0927,
1,Fixed,GOV-4914,SG143088771,2025-09-28,2051-09-22,100,36,0.0962,
1,Fixed,TBILL-8193,JA026466432,2024-06-13,2037-06-10,100,30,0.0223,
1,Fixed,GOV-7054,IE032364394,2024-05-09,2037-05-06,500,6,0.0289,
1,Floating,TBILL-317,MC115871405,2024-04-24,2049-04-18,100,14,,
1,Fixed,TBILL-6540,QC942589079,2024-05-17,2044-05-12,1000,39,0.0357,
1,Floating,GOV-1900,YQ242219550,2023-04-18,2032-04-15,500,49,,
1,Floating,GOV-9187,UC209309950,2023-08-20,2045-08-14,500,7,,
1,Floating,TBILL-3425,XT184943493,2022-05-21,2031-05-19,1000,3,,
2A,Fixed,GovBond-8662,SS332112526,2021-10-01,2028-09-29,1000,28,0.0387,AA
1,Floating,TBILL-9990,TN676926083,2024-01-01,2035-12-29,500,24,,
1,Floating,GOV-8153,AA990123416,2021-02-08,2046-02-02,500,22,,
1,Floating,GOV-6195,GB833286249,2023-01-05,2031-01-03,1000,31,,
1,Fixed,GOV-5710,KW274887243,2023-12-09,2052-12-01,1000,19,0.0891,
1,Floating,GOV-8505,NM267855001,2025-03-21,2036-03-18,500,45,,
1,Fixed,TBILL-347,ET924510431,2022-08-04,2048-07-28,500,43,0.0098,
1,Floating,TBILL-1531,RS063009508,2025-09-27,2040-09-23,100,14,,
1,Floating,GOV-7061,CJ130740034,2023-07-28,2043-07-23,500,35,,
1,Fixed,TBILL-2200,LR600094346,2021-11-28,2031-11-26,500,45,0.0987,
1,Fixed,GOV-6845,EA098214870,2024-10-20,2037-10-17,1000,36,0.0508,
1,Fixed,GOV-527,ON941509484,2022-04-15,2040-04-10,1000,37,0.0197,
1,Fixed,TBILL-8416,HO101115081,2021-05-07,2037-05-03,1000,2,0.0698,
1,Floating,TBILL-4303,MO768234334,2024-04-17,2030-04-16,100,11,,
1,Fixed,GOV-4262,SJ876770385,2021-06-03,2027-06-02,500,33,0.0109,
1,Fixed,TBILL-8247,EP635916139,2024-11-29,2052-11-22,100,2,0.038,
1,Fixed,GOV-4964,BN997277925,2022-11-12,2028-11-10,1000,39,0.0891,
1,Fixed,GOV-7335,JD450030569,2023-04-24,2046-04-18,500,27,0.0196,
1,Floating,GOV-6303,SH876450341,2022-05-19,2051-05-12,100,17,,
1,Floating,GOV-6144,GN357505088,2023-07-05,2031-07-03,500,32,,
1,Floating,GOV-1461,ZU567350134,2021-07-19,2030-07-17,1000,6,,
1,Floating,GOV-3836,HI260733107,2022-09-25,2037-09-21,500,2,,
1,Floating,TBILL-6020,OH482730401,2025-01-21,2055-01-14,1000,48,,
2B,Floating,Corp-325,RE731969217,2022-06-26,2027-06-25,1000,12,,BBB
1,Fixed,TBILL-267,ZA732142624,2025-11-27,2054-11-20,500,21,0.028,
1,Fixed,GOV-497,CM637564372,2024-11-18,2052-11-11,100,32,0.0252,
1,Fixed,GOV-4474,AY479930595,2024-11-28,2026-11-28,500,42,0.0048,
1,Floating,GOV-723,GB077340464,2025-12-15,2041-12-11,100,6,,
1,Fixed,TBILL-1275,VV195174175,2022-03-04,2035-03-01,500,45,0.0678,
1,Floating,TBILL-9098,CS357928964,2025-06-08,2044-06-03,100,3,,
1,Floating,TBILL-8185,PG399652758,2025-05-13,2026-05-13,500,49,,
2A,Fixed,GovBond-4822,DG020704040,2021-12-27,2043-12-22,1000,15,0.0433,AAA
1,Fixed,TBILL-6754,QR377666002,2025-10-31,2047-10-26,1000,45,0.0013,
1,Fixed,TBILL-377,HI333871105,2022-07-18,2052-07-10,100,15,0.0702,
1,Floating,TBILL-6741,TG502124488,2024-12-12,2048-12-06,1000,44,,
1,Floating,GOV-9279,XS629616579,2025-08-19,2048-08-13,500,36,,
1,Floating,TBILL-266,ZD191436591,2023-12-23,2029-12-21,100,46,,
2A,Fixed,Corp-4345,CF099763477,2022-07-05,2043-06-30,500,25,0.0779,AAA
1,Fixed,TBILL-6247,QO616402928,2023-05-30,2035-05-27,100,19,0.0433,
1,Fixed,TBILL-1171,AQ829581487,2021-11-24,2027-11-23,500,1,0.0294,
1,Floating,GOV-7331,JM030735336,2021-08-01,2042-07-27,500,26,,
1,Fixed,GOV-4765,DZ383070863,2024-03-03,2052-02-25,100,21,0.0285,
1,Floating,GOV-9870,OL658740643,2023-09-11,2026-09-10,1000,17,,
1,Floating,TBILL-5930,YS400524649,2024-09-22,2031-09-21,100,8,,
1,Floating,GOV-9642,QK836153324,2022-08-19,2047-08-13,100,49,,
1,Fixed,GOV-9029,JZ605746581,2022-04-12,2051-04-05,100,23,0.018,
1,Fixed,GOV-7385,VC290078103,2024-11-04,2033-11-02,1000,46,0.052,
1,Fixed,TBILL-6908,OL061660919,2023-12-16,2027-12-15,100,28,0.0675,
1,Fixed,GOV-146,JY854855122,2025-08-25,2043-08-21,500,20,0.0141,
1,Floating,GOV-1986,GH983466229,2025-09-06,2035-09-04,1000,37,,
1,Floating,GOV-7687,RO408518519,2022-03-02,2027-03-01,1000,14,,
1,Fixed,TBILL-3318,PX747655730,2021-05-22,2042-05-17,500,41,0.0377,
1,Floating,GOV-3291,MO487357214,2021-06-02,2026-06-01,1000,32,,
1,Floating,TBILL-8023,JE082297567,2024-07-26,2052-07-19,100,23,,
1,Floating,TBILL-1896,NZ943950532,2024-01-25,2032-01-23,500,4,,
1,Floating,TBILL-9034,GS933345620,2024-05-29,2037-05-26,100,41,,
1,Fixed,TBILL-1538,CP800191367,2021-12-30,2041-12-25,100,18,0.0683,
1,Fixed,TBILL-9234,RU445169582,2023-03-17,2038-03-13,100,23,0.0298,
1,Floating,TBILL-4276,CG636593485,2024-02-12,2027-02-11,500,3,,
1,Floating,TBILL-312,XI297831234,2025-09-13,2043-09-09,1000,15,,
1,Floating,TBILL-5745,TF824143798,2025-07-15,2047-07-10,100,40,,
1,Floating,GOV-822,ZW097343569,2022-07-07,2032-07-04,100,42,,
2A,Fixed,GovBond-7698,KH650714949,2023-04-07,2032-04-04,1000,7,0.0782,AA
1,Fixed,TBILL-2379,WA076856257,2021-10-24,2031-10-22,500,12,0.0408,
1,Floating,GOV-2056,GD855928072,2024-06-06,2045-06-01,100,33,,
2A,Fixed,GovBond-3057,VE808293660,2021-07-22,2036-07-18,500,6,0.0446,AA
1,Fixed,GOV-836,FQ611904884,2022-12-16,2029-12-14,1000,36,0.012,
1,Floating,TBILL-8579,GW908353780,2024-01-10,2040-01-06,1000,43,,
1,Fixed,TBILL-6121,XR415269755,2023-11-04,2053-10-27,500,21,0.0415,
1,Fixed,TBILL-1145,KG125770495,2024-08-13,2048-08-07,500,41,0.0205,
1,Fixed,GOV-5181,AK951840669,2025-11-02,2054-10-26,500,41,0.0488,
1,Fixed,GOV-9671,DY827189028,2023-10-26,2032-10-23,500,4,0.043,
1,Floating,GOV-6049,ZF686848830,2025-04-17,2042-04-13,1000,38,,
2A,Fixed,Corp-4043,KR483537069,2025-03-17,2036-03-14,500,1,0.0482,AAA
1,Fixed,GOV-6236,AU417690144,2025-10-13,2035-10-11,1000,37,0.015,
1,Floating,TBILL-1454,KM705283184,2024-07-10,2047-07-05,500,22,,
1,Fixed,TBILL-7048,MG235240552,2022-11-05,2048-10-29,1000,21,0.0502,
1,Floating,TBILL-4459,BH609825087,2022-10-16,2040-10-11,100,14,,
1,Floating,TBILL-4554,OG044057441,2022-11-12,2052-11-04,500,41,,
2A,Fixed,GovBond-8207,TC465253035,2023-04-27,2052-04-19,1000,36,0.0612,AAA
2A,Fixed,Corp-8252,KB123672230,2022-07-10,2027-07-09,1000,42,0.0697,AA
1,Floating,TBILL-2805,BF906395383,2021-11-14,2033-11-11,1000,27,,
1,Floating,TBILL-712,NN532683793,2025-02-26,2028-02-26,1000,8,,
1,Floating,TBILL-2,LN714870397,2025-11-11,2052-11-04,500,34,,
1,Floating,GOV-2602,SQ216756544,2025-09-05,2030-09-04,1000,28,,
1,Floating,TBILL-1111,CC708284552,2024-01-07,2042-01-02,100,37,,
1,Fixed,TBILL-8112,NM195866259,2023-01-06,2038-01-02,100,44,0.0863,
1,Fixed,TBILL-4856,QR216051669,2024-02-27,2045-02-21,1000,28,0.081,
1,Floating,GOV-1408,NM039529129,2020-12-27,2050-12-20,100,17,,
1,Fixed,TBILL-6954,RX194430202,2023-05-05,2026-05-04,500,13,0.0178,
1,Fixed,TBILL-5169,DK068701740,2022-01-11,2037-01-07,100,38,0.0768,
1,Fixed,TBILL-8762,MY758801137,2024-09-21,2050-09-15,100,43,0.0911,
1,Floating,TBILL-4276,RA827955230,2021-07-20,2035-07-17,500,41,,
1,Floating,TBILL-3390,BG008869486,2025-02-28,2036-02-26,1000,15,,
1,Floating,TBILL-1569,KK727875775,2023-01-14,2042-01-09,500,38,,
1,Floating,TBILL-2751,OE694735560,2025-07-16,2031-07-15,500,4,,
1,Fixed,GOV-1978,YI624733920,2023-10-07,2043-10-02,1000,12,0.0262,
1,Floating,TBILL-5074,VE242648025,2021-02-07,2040-02-03,500,31,,
2A,Fixed,Corp-8272,CX068270512,2023-02-03,2031-02-01,100,24,0.0628,AA
1,Fixed,GOV-7154,JZ083932169,2025-09-19,2051-09-13,500,28,0.0901,
1,Floating,TBILL-1919,FB913350992,2024-06-13,2044-06-08,500,33,,
1,Floating,GOV-2180,RL057873470,2024-02-18,2044-02-13,100,7,,
1,Fixed,TBILL-980,WQ560251078,2021-04-06,2031-04-04,100,12,0.0728,
1,Fixed,GOV-8053,XZ580734096,2021-04-21,2051-04-14,100,41,0.0005,
1,Fixed,TBILL-5127,TK807021399,2023-07-07,2030-07-05,1000,18,0.0535,
1,Floating,TBILL-950,ZN115279309,2021-03-31,2029-03-29,100,44,,
1,Floating,GOV-9870,QA137722505,2025-06-29,2039-06-26,100,6,,
1,Floating,GOV-3679,JM420326285,2021-12-04,2051-11-27,500,46,,
1,Fixed,GOV-2733,WT170369200,2022-10-02,2037-09-28,100,46,0.0903,
1,Floating,GOV-3847,TN974176071,2022-12-10,2030-12-08,1000,17,,
1,Floating,TBILL-2732,CK065814653,2025-12-08,2049-12-02,500,47,,
1,Fixed,GOV-74,JI495481615,2024-03-08,2026-03-08,1000,13,0.0523,
1,Fixed,GOV-9595,VO828553120,2023-07-07,2037-07-03,1000,18,0.0401,
2A,Fixed,GovBond-7058,OJ295873911,2022-09-26,2045-09-20,1000,45,0.0604,AA
1,Fixed,TBILL-749,SD648413298,2023-09-09,2043-09-04,100,44,0.0759,
1,Floating,TBILL-1076,IX014706157,2023-06-16,2029-06-14,500,35,,
1,Fixed,GOV-896,LO476537076,2023-01-20,2040-01-16,500,42,0.099,
1,Fixed,GOV-8305,KA342021568,2021-02-09,2044-02-04,500,23,0.048,
1,Fixed,GOV-2288,YZ226197499,2025-07-24,2029-07-23,100,14,0.0858,
1,Fixed,GOV-5785,PR129253716,2023-08-31,2046-08-25,500,26,0.0674,
1,Floating,TBILL-1383,RR942326035,2023-02-24,2047-02-18,100,40,,
1,Fixed,TBILL-6355,AK083348280,2022-12-13,2051-12-06,100,30,0.095,
1,Fixed,TBILL-6466,JU201751233,2023-04-22,2026-04-21,100,19,0.0455,
1,Fixed,GOV-7628,RB359080514,2024-10-04,2041-09-30,500,14,0.016,
1,Fixed,GOV-5120,SC415668545,2021-07-17,2041-07-12,1000,28,0.0952,
1,Fixed,TBILL-5266,XC377948492,2023-09-07,2031-09-05,1000,50,0.0221,
1,Floating,GOV-9334,RH214126014,2021-02-03,2028-02-02,1000,33,,
1,Fixed,TBILL-3019,RS457655931,2022-11-18,2043-11-13,100,14,0.0811,
1,Fixed,TBILL-3817,QM721885510,2021-04-12,2048-04-05,1000,13,0.077,
1,Fixed,GOV-586,JW223249521,2025-11-14,2030-11-13,100,4,0.0239,
1,Floating,TBILL-4731,CT447005902,2023-12-08,2040-12-03,500,22,,
2B,Fixed,Foreign-8153,OU760740470,2024-11-14,2049-11-08,1000,13,0.0703,A
1,Floating,TBILL-4076,ER336864637,2024-11-21,2028-11-20,500,30,,
1,Fixed,TBILL-9300,LP217668541,2022-04-14,2050-04-07,1000,16,0.0459,
1,Floating,GOV-9998,MH849702473,2024-11-14,2032-11-12,100,42,,
1,Floating,TBILL-7605,XY283344356,2022-07-11,2042-07-06,500,37,,
1,Floating,GOV-768,IR324290757,2021-05-25,2048-05-18,500,23,,
1,Fixed,TBILL-4961,KO455714497,2022-10-13,2048-10-06,100,49,0.098,
1,Floating,GOV-967,IV464017828,2024-07-01,2027-07-01,100,46,,
1,Fixed,TBILL-7535,CI633351531,2022-11-26,2046-11-20,100,14,0.0207,
1,Floating,TBILL-661,UR688962440,2022-03-19,2038-03-15,500,40,,
1,Floating,TBILL-5835,EI454042710,2021-09-21,2045-09-15,100,33,,
2B,Floating,Corp-5516,BT666509402,2025-02-17,2055-02-10,500,38,,BBB
1,Floating,TBILL-635,WQ744235572,2023-07-24,2052-07-16,100,49,,
1,Floating,TBILL-6360,IP323802018,2025-04-03,2036-03-31,1000,12,,
1,Fixed,TBILL-7338,BU278645234,2024-10-28,2038-10-25,500,30,0.0471,
1,Fixed,TBILL-5002,BJ702285317,2021-05-05,2045-04-29,100,48,0.0175,
1,Floating,GOV-1981,DN049596155,2024-09-19,2030-09-18,1000,4,,
1,Fixed,TBILL-674,YF799789044,2024-08-30,2045-08-25,100,7,0.0589,
1,Fixed,TBILL-249,OR188083555,2022-09-03,2045-08-28,100,8,0.0598,
2A,Fixed,Corp-4035,VD641321889,2025-01-20,2038-01-17,100,3,0.044,AAA
2A,Fixed,GovBond-4024,YY450073322,2022-02-18,2044-02-13,500,16,0.0612,AAA
1,Fixed,GOV-3633,IU759408492,2023-05-09,2049-05-02,100,18,0.0807,
1,Floating,GOV-2691,JO271205056,2022-08-16,2051-08-09,1000,9,,
1,Floating,GOV-7056,TU327614177,2022-01-08,2049-01-01,1000,48,,
2A,Fixed,Corp-3589,RW114409948,2022-04-02,2030-03-31,100,26,0.0461,AAA
2A,Fixed,GovBond-520,UK276874270,2024-10-13,2045-10-08,1000,2,0.0266,AAA
1,Floating,TBILL-5609,IP408660628,2025-07-26,2043-07-22,100,23,,
1,Fixed,GOV-9670,BP376164881,2022-01-31,2028-01-30,500,38,0.0792,
1,Floating,GOV-6909,HP552217176,2023-10-06,2027-10-05,100,40,,
1,Fixed,GOV-3867,ND726400550,2025-10-07,2046-10-02,100,13,0.0454,
2A,Fixed,GovBond-9771,VT531146472,2024-02-24,2041-02-19,1000,14,0.0512,AA
1,Floating,GOV-8434,SB587867329,2025-03-30,2053-03-23,100,28,,
1,Floating,GOV-72,CV274388529,2022-04-22,2029-04-20,1000,15,,
1,Fixed,TBILL-7713,MF302580258,2024-05-02,2031-05-01,100,9,0.0155,
1,Fixed,GOV-7722,KK119940924,2023-08-26,2033-08-23,100,36,0.0013,
1,Floating,GOV-7163,IO184051150,2022-02-26,2035-02-23,500,8,,
1,Floating,TBILL-2528,GZ032063360,2024-03-20,2040-03-16,100,43,,
1,Floating,GOV-1534,MU117363861,2023-03-19,2041-03-14,1000,45,,
2A,Fixed,GovBond-7718,IG742012284,2024-01-20,2042-01-15,1000,1,0.0567,AAA
1,Fixed,TBILL-896,EN330607720,2023-07-28,2039-07-24,500,8,0.0589,
1,Fixed,TBILL-3120,BY109009255,2025-01-04,2043-12-31,500,19,0.0288,
1,Fixed,TBILL-7134,GZ206151515,2024-05-01,2036-04-28,100,46,0.036,
1,Floating,TBILL-1464,RH993249574,2023-08-22,2049-08-15,100,37,,
1,Fixed,GOV-6985,CW287419601,2023-09-29,2033-09-26,500,6,0.0675,
1,Floating,TBILL-2188,TV889952690,2022-06-25,2026-06-24,500,23,,
1,Fixed,TBILL-1981,TI086571352,2025-05-25,2042-05-21,100,44,0.0986,
1,Floating,GOV-1729,SP885865150,2021-08-14,2033-08-11,500,32,,
1,Fixed,TBILL-3792,CK528398499,2024-06-28,2027-06-28,1000,29,0.0902,
1,Floating,TBILL-2936,AC665149881,2024-03-01,2048-02-24,1000,9,,
1,Floating,TBILL-9746,QM577522259,2021-05-13,2034-05-10,1000,8,,
1,Floating,GOV-6286,VF050473549,2022-01-24,2037-01-20,1000,5,,
1,Floating,GOV-1338,IY486815169,2024-11-29,2029-11-28,1000,18,,
1,Floating,TBILL-2174,GZ849601269,2024-10-01,2035-09-29,100,36,,
1,Floating,GOV-309,DZ952981337,2024-12-24,2029-12-23,500,22,,
1,Floating,TBILL-7400,DU588273765,2022-11-12,2039-11-08,100,34,,
1,Floating,GOV-3101,MH518741032,2025-02-12,2042-02-08,500,7,,
1,Floating,TBILL-2390,ER617149559,2022-01-14,2042-01-09,500,30,,
1,Fixed,TBILL-2329,DQ595402832,2023-01-27,2028-01-26,500,2,0.0371,
1,Fixed,GOV-8215,GT607121120,2023-08-04,2036-07-31,100,43,0.0963,
1,Floating,GOV-8546,AE013485613,2023-01-06,2033-01-03,1000,28,,
1,Floating,GOV-6663,YC920733586,2025-01-17,2040-01-14,100,37,,
1,Fixed,GOV-3140,DT401093705,2021-08-02,2030-07-31,1000,6,0.0633,
1,Floating,TBILL-695,KM586728082,2023-09-23,2048-09-16,1000,4,,
1,Fixed,TBILL-7446,RW488147889,2024-04-01,2049-03-26,1000,34,0.0026,
1,Fixed,GOV-6565,QV225783243,2022-04-28,2044-04-22,100,3,0.0106,
1,Fixed,TBILL-2111,SG637662833,2022-06-04,2035-06-01,500,48,0.0663,
1,Floating,GOV-3608,GH113415566,2023-12-30,2045-12-24,1000,21,,
1,Floating,TBILL-7316,GE859476935,2023-02-26,2053-02-18,1000,6,,
1,Floating,TBILL-3936,RO183967884,2023-10-10,2034-10-07,500,23,,
1,Fixed,GOV-7512,YX847886568,2022-09-19,2033-09-16,100,9,0.0945,
1,Fixed,GOV-9657,LW625077097,2022-04-20,2051-04-13,1000,32,0.0705,
1,Floating,GOV-2420,QB147742701,2024-12-14,2046-12-09,100,36,,
1,Floating,TBILL-2309,HF799466684,2023-03-28,2028-03-26,500,25,,
1,Fixed,TBILL-3986,JZ005332077,2025-06-04,2053-05-28,100,42,0.0672,
1,Floating,TBILL-7193,QA200719706,2022-07-10,2039-07-06,1000,25,,
2A,Fixed,Corp-1541,AH613841054,2025-05-20,2031-05-19,1000,17,0.0492,AA
1,Floating,GOV-7384,WF499492885,2023-01-03,2041-12-29,500,34,,
1,Floating,TBILL-4028,ET540277090,2022-10-05,2041-09-30,500,12,,
1,Floating,GOV-9348,VD987991078,2024-02-10,2048-02-04,500,4,,
1,Floating,TBILL-3984,IO811287608,2024-10-24,2054-10-17,500,23,,
1,Floating,TBILL-5746,PU735267293,2021-04-25,2049-04-18,500,15,,
1,Floating,GOV-882,AT829890169,2022-12-27,2030-12-25,500,37,,
2B,Fixed,Emerging-6400,LE811431800,2025-06-30,2042-06-26,500,44,0.0709,A
1,Floating,TBILL-9877,SZ709015209,2025-04-10,2050-04-04,500,31,,
1,Floating,TBILL-9860,YA847334015,2024-05-28,2049-05-22,500,6,,
1,Fixed,TBILL-745,EX910750322,2021-06-22,2026-06-21,100,30,0.0422,
1,Floating,GOV-7957,HJ188054047,2021-12-21,2042-12-16,100,39,,
1,Floating,GOV-8103,LE695369375,2024-08-29,2037-08-26,1000,5,,
1,Fixed,GOV-7503,GP938380856,2021-08-15,2029-08-13,100,7,0.0117,
1,Floating,TBILL-8062,FU970255542,2024-07-26,2044-07-21,500,41,,
1,Floating,TBILL-9372,QW647233834,2022-12-14,2036-12-10,1000,29,,
1,Fixed,GOV-8019,VA798457320,2022-09-05,2043-08-31,100,26,0.0722,
1,Floating,GOV-1427,FL653979173,2024-10-02,2032-09-30,1000,48,,
1,Fixed,TBILL-6018,IO501442833,2024-01-09,2049-01-02,100,42,0.0703,
1,Fixed,GOV-3272,OM092559255,2022-06-14,2048-06-07,1000,7,0.0307,
1,Fixed,GOV-4252,NE339148906,2023-01-07,2048-12-31,100,47,0.0255,
1,Floating,TBILL-3617,CZ860230464,2023-06-03,2032-05-31,100,32,,
1,Floating,TBILL-6407,ZG324743075,2024-12-18,2044-12-13,100,6,,
1,Fixed,GOV-6004,SK694603466,2024-03-16,2047-03-11,1000,21,0.0569,
1,Fixed,TBILL-3603,SX502560684,2025-08-02,2035-07-31,1000,10,0.0361,
1,Floating,TBILL-5340,TX507262500,2024-09-23,2046-09-18,100,37,,
1,Fixed,GOV-5369,BX898068549,2021-01-26,2049-01-19,500,10,0.0863,
1,Fixed,TBILL-3001,MY101033921,2021-03-02,2046-02-24,100,4,0.0914,
1,Floating,GOV-5902,NQ050313563,2024-07-16,2039-07-13,100,31,,
1,Fixed,GOV-6402,HO283727732,2022-01-31,2036-01-28,1000,35,0.0822,
1,Floating,TBILL-6449,VB975589494,2024-07-22,2038-07-19,500,35,,
1,Fixed,GOV-1265,YO906064662,2022-05-26,2042-05-21,500,7,0.0884,
1,Fixed,TBILL-176,BR310528558,2024-08-13,2046-08-08,100,47,0.076,
1,Fixed,GOV-9189,PW551160985,2021-11-30,2036-11-26,500,12,0.0258,
2A,Fixed,GovBond-619,HV419000002,2022-09-28,2034-09-25,500,40,0.0606,AA
1,Floating,GOV-1542,QU803869220,2023-03-16,2041-03-11,500,23,,
1,Floating,TBILL-8271,EM888929038,2023-06-25,2034-06-22,100,14,,
1,Floating,TBILL-3812,SN977404302,2022-08-20,2026-08-19,500,28,,
1,Fixed,TBILL-2175,NQ087693650,2023-01-21,2036-01-18,500,21,0.0523,
1,Floating,TBILL-4841,HT834119807,2025-12-07,2032-12-05,100,40,,
1,Fixed,TBILL-9731,EK751221113,2021-05-03,2030-05-01,1000,35,0.0277,
1,Fixed,TBILL-3743,NK443704288,2022-11-29,2037-11-25,500,19,0.0436,
1,Floating,TBILL-4464,WH473016154,2024-11-12,2034-11-10,100,22,,
1,Floating,GOV-8973,ZN910962536,2023-01-24,2046-01-18,100,17,,
1,Fixed,GOV-7044,UU842789260,2024-10-20,2030-10-19,1000,36,0.0095,
1,Fixed,TBILL-9441,TK471275530,2024-09-04,2048-08-29,500,19,0.0541,
1,Floating,TBILL-4375,KU986185893,2021-10-06,2026-10-05,100,28,,
1,Fixed,GOV-5535,ZS774583654,2024-12-28,2029-12-27,100,2,0.0304,
1,Floating,GOV-1155,LZ119691557,2024-05-03,2041-04-29,500,48,,
1,Floating,TBILL-9789,FY782287557,2025-06-01,2042-05-28,500,25,,
2A,Fixed,GovBond-5789,SR340495935,2020-12-27,2029-12-25,100,43,0.0587,AA
1,Fixed,TBILL-351,NH543401338,2020-12-28,2047-12-22,1000,23,0.0792,
1,Fixed,GOV-8183,GF672566925,2022-06-01,2030-05-30,1000,11,0.0415,
1,Floating,GOV-3549,MU544286958,2021-12-09,2040-12-04,500,44,,
1,Fixed,TBILL-4767,SD444551926,2023-11-02,2030-10-31,100,25,0.061,
1,Floating,TBILL-8945,MX643117033,2021-02-02,2038-01-29,1000,25,,
1,Floating,TBILL-2528,KF129946470,2024-03-11,2054-03-04,1000,4,,
1,Fixed,GOV-1433,YM019493923,2021-09-26,2041-09-21,500,14,0.0836,
1,Fixed,GOV-2267,HQ741773830,2024-03-18,2034-03-16,1000,36,0.0511,
1,Floating,TBILL-5399,YI042986692,2023-08-06,2052-07-29,1000,42,,
1,Fixed,GOV-5667,QI373043665,2024-09-30,2041-09-26,500,47,0.026,
1,Fixed,TBILL-5550,NJ576674243,2025-11-09,2028-11-08,1000,16,0.0645,
1,Floating,GOV-8576,IR720789393,2025-11-01,2045-10-27,100,40,,
1,Floating,TBILL-7354,EY386556540,2025-01-05,2027-01-05,100,39,,
1,Fixed,GOV-4706,VY913919394,2023-05-14,2026-05-13,100,1,0.0426,
1,Floating,TBILL-171,WI526352660,2022-12-01,2051-11-24,500,47,,
1,Fixed,GOV-4251,LJ918278293,2025-08-09,2039-08-06,1000,17,0.0673,
1,Floating,GOV-7232,WQ547625373,2023-07-17,2033-07-14,100,3,,
1,Floating,GOV-4085,OL561993947,2022-12-17,2029-12-15,500,42,,
2A,Fixed,Corp-8125,ED857198708,2022-08-30,2050-08-23,1000,50,0.0661,AAA
1,Fixed,TBILL-4077,PN268539851,2023-12-26,2026-12-25,500,28,0.0445,
1,Fixed,GOV-1497,ON083765864,2024-10-03,2033-10-01,1000,46,0.0779,
1,Floating,GOV-6136,EA677438222,2023-03-19,2046-03-13,500,35,,
1,Floating,GOV-5913,TM757729331,2024-11-03,2038-10-31,500,33,,
1,Fixed,TBILL-3396,NL049366360,2022-02-07,2049-01-31,500,44,0.0743,
1,Fixed,GOV-6877,LY789366069,2025-12-02,2042-11-28,100,15,0.0737,
1,Fixed,GOV-9472,RZ521970758,2022-02-24,2041-02-19,100,43,0.0162,
1,Floating,GOV-9374,XT499351976,2023-07-21,2041-07-16,100,19,,
1,Fixed,GOV-6437,PS318960748,2024-03-25,2029-03-24,1000,37,0.0194,
1,Floating,TBILL-6171,KC587521753,2022-07-21,2034-07-18,100,1,,
1,Fixed,TBILL-929,VM622669488,2023-08-28,2048-08-21,500,34,0.071,
1,Floating,TBILL-4854,GA617817746,2022-02-07,2030-02-05,100,41,,
1,Fixed,TBILL-3811,XD382656042,2023-12-05,2036-12-01,500,7,0.0714,
1,Fixed,GOV-4641,LA909903282,2025-11-24,2043-11-20,1000,4,0.0191,
1,Floating,TBILL-7177,HT943104607,2023-10-12,2041-10-07,500,17,,
1,Floating,GOV-665,NY175779282,2020-12-28,2050-12-21,500,13,,
1,Fixed,TBILL-6372,GX843582078,2023-02-17,2052-02-10,500,28,0.0024,
1,Floating,TBILL-8963,XW401025165,2023-04-16,2029-04-14,500,8,,
1,Fixed,TBILL-3976,CU968499154,2022-04-11,2030-04-09,500,32,0.0811,
2B,Floating,Foreign-5571,DA542947397,2025-04-14,2036-04-11,500,48,,A
1,Fixed,GOV-9579,HY258127960,2021-05-13,2034-05-10,100,22,0.0284,
1,Floating,TBILL-4540,ND212512391,2021-09-12,2051-09-05,500,29,,
1,Fixed,TBILL-6946,IW556517013,2021-05-18,2045-05-12,500,28,0.0224,
1,Floating,TBILL-9091,LA897694087,2022-08-15,2037-08-11,500,5,,
1,Fixed,GOV-927,HX340636939,2022-04-16,2029-04-14,500,40,0.0856,
1,Fixed,TBILL-8615,HP140703126,2025-10-04,2028-10-03,100,25,0.0875,
1,Fixed,TBILL-794,RS743954440,2023-02-11,2051-02-04,500,17,0.0136,
1,Fixed,GOV-2921,TX738696879,2022-10-05,2046-09-29,500,22,0.076,
1,Fixed,GOV-708,UX913507085,2023-11-14,2039-11-10,100,47,0.0518,
1,Floating,GOV-6615,ME719748395,2022-10-11,2044-10-05,100,3,,
1,Floating,GOV-16,YG054807769,2025-08-05,2040-08-01,1000,18,,
1,Fixed,TBILL-3071,NZ736291389,2021-11-05,2030-11-03,500,23,0.0322,
1,Fixed,TBILL-2271,SS572791045,2020-12-30,2035-12-27,100,34,0.0198,
1,Floating,TBILL-9391,PT395302949,2021-10-14,2037-10-10,1000,12,,
1,Floating,GOV-509,ZD376251618,2024-12-06,2034-12-04,1000,43,,
1,Floating,GOV-1561,KJ308719672,2024-07-20,2053-07-13,1000,13,,
1,Floating,GOV-6822,ZM767414882,2024-12-09,2034-12-07,1000,48,,
1,Floating,TBILL-357,TJ981305270,2022-05-14,2048-05-07,500,49,,
1,Floating,TBILL-8299,XH475016562,2025-09-30,2041-09-26,500,49,,
1,Fixed,GOV-1532,NB146077343,2023-06-13,2032-06-10,100,2,0.0355,
1,Fixed,TBILL-798,YQ197503447,2025-05-25,2046-05-20,500,43,0.0064,
1,Floating,GOV-7199,DB795575111,2024-04-02,2042-03-29,500,20,,
1,Floating,GOV-2599,QY145990687,2023-06-17,2044-06-11,1000,29,,
1,Fixed,GOV-2359,QJ168754361,2021-09-16,2032-09-13,1000,15,0.0979,
1,Floating,GOV-1640,UQ786137342,2022-08-11,2049-08-04,1000,43,,
2A,Fixed,GovBond-813,ZU765940446,2025-05-06,2041-05-02,500,5,0.0305,AAA
1,Floating,TBILL-1138,AY761001944,2022-09-14,2050-09-07,100,31,,
1,Floating,GOV-3270,QL238080115,2024-11-08,2030-11-07,1000,31,,
1,Floating,GOV-7435,LJ714029375,2022-08-10,2037-08-06,100,43,,
1,Floating,TBILL-9720,PY405585352,2024-03-08,2040-03-04,500,45,,
1,Floating,GOV-4243,GB684253772,2023-03-05,2035-03-02,100,16,,
1,Fixed,GOV-8028,XE422343843,2023-12-19,2052-12-11,1000,32,0.0643,
1,Floating,TBILL-6278,DR575659772,2024-09-29,2045-09-24,500,15,,
1,Floating,TBILL-5879,TN209933829,2025-03-05,2039-03-02,500,16,,
1,Floating,TBILL-3860,HX024050007,2022-12-18,2051-12-11,1000,28,,
1,Floating,GOV-5750,VN933761409,2025-06-26,2036-06-23,100,14,,
1,Floating,GOV-8635,JD391685299,2025-09-08,2053-09-01,100,4,,
1,Floating,GOV-2675,ZD118639273,2022-03-09,2051-03-02,1000,34,,
2A,Fixed,Corp-3414,MR394045063,2025-04-05,2042-04-01,1000,7,0.0489,AAA
1,Fixed,TBILL-2976,ZD162663894,2025-07-29,2039-07-26,100,22,0.005,
1,Floating,TBILL-5695,EC663556848,2025-10-20,2030-10-19,100,46,,
1,Floating,TBILL-4561,HI178041434,2022-10-25,2040-10-20,1000,35,,
1,Fixed,TBILL-7916,DX961744609,2024-06-09,2036-06-06,500,33,0.0297,
1,Floating,GOV-8331,TH703360900,2021-02-11,2048-02-05,100,7,,
1,Fixed,TBILL-2662,SZ914780280,2022-10-15,2043-10-10,100,47,0.0963,
2A,Fixed,GovBond-8344,TE746293656,2023-12-30,2028-12-28,1000,31,0.0763,AAA
1,Floating,TBILL-8824,LH174601979,2024-10-07,2053-09-30,1000,20,,
1,Fixed,TBILL-6720,CF136614711,2024-08-07,2028-08-06,1000,27,0.0551,
1,Fixed,GOV-8617,AT308433712,2021-07-04,2035-07-01,500,25,0.0208,
1,Fixed,TBILL-6994,DH040835200,2023-10-02,2026-10-01,500,41,0.0898,
1,Floating,TBILL-7643,UB145386659,2021-06-26,2043-06-21,100,49,,
1,Fixed,GOV-5024,RD752604934,2025-04-04,2029-04-03,1000,49,0.0975,
1,Floating,TBILL-3444,PE532585683,2025-07-14,2026-07-14,500,18,,
2A,Fixed,GovBond-3945,CZ467063276,2024-04-30,2053-04-23,1000,32,0.0755,AA
1,Fixed,GOV-7652,YX811408452,2022-04-24,2034-04-21,500,43,0.0799,
1,Fixed,TBILL-949,WL460388852,2025-11-07,2041-11-03,500,45,0.0301,
1,Floating,GOV-4255,OC683755133,2022-02-11,2040-02-07,1000,17,,
1,Floating,TBILL-8232,FU415444746,2021-02-04,2030-02-02,500,37,,
1,Floating,GOV-4231,KP067477512,2021-05-25,2042-05-20,1000,47,,
2A,Fixed,GovBond-8688,WS398019900,2022-04-26,2034-04-23,500,2,0.0396,AA
1,Fixed,GOV-5317,XS145560122,2022-04-05,2042-03-31,1000,13,0.0437,
1,Fixed,GOV-6309,WJ050954411,2021-05-26,2050-05-19,1000,7,0.0106,
1,Floating,GOV-2873,JC309344764,2021-05-09,2030-05-07,500,26,,
1,Fixed,TBILL-6250,WS100386277,2022-01-22,2035-01-19,1000,1,0.0353,
1,Floating,GOV-13,PH585838130,2025-10-30,2047-10-25,1000,50,,
1,Floating,TBILL-9567,XI149856259,2024-12-23,2048-12-17,1000,3,,
1,Fixed,TBILL-3949,LQ070572493,2022-12-15,2039-12-11,500,13,0.0382,
1,Fixed,GOV-7349,HP963739442,2024-11-02,2039-10-30,100,24,0.0184,
1,Fixed,TBILL-5520,PZ059480753,2022-08-24,2026-08-23,1000,39,0.0969,
2A,Fixed,Corp-1277,FK076852585,2021-10-05,2027-10-04,100,27,0.0687,AAA
1,Floating,TBILL-1367,MT035357093,2022-08-07,2037-08-03,500,10,,
1,Floating,GOV-5720,IK449271624,2024-11-30,2046-11-25,1000,40,,
