Name,Level,DirtyPrice,YTM,ModDuration,Combined_Weight,Allocated_Amount
TBILL-4509,L1,93.21492753413891,5.069241523742676,0.0,9.836309379412793e-16,9.836309379412794e-07
GOV-8659,L1,82.59747863836718,5.712589502334595,0.0,0.004721909806749637,4721909.806749637
GOV-5104,L1,95.19124858694583,5.510074472427369,0.0,0.0,0.0
TBILL-7702,L1,95.54062404467977,5.520352220535278,0.0,3.842485614463456e-18,3.8424856144634555e-09
TBILL-2459,L1,100.85324951785165,1.653161618183316,0.0,3.38208245772315e-18,3.38208245772315e-09
TBILL-5942,L1,92.24356298859222,5.618388795852661,0.0,0.0,0.0
GOV-4199,L1,101.64931818310937,4.895514490798346,0.0,9.833650868345463e-17,9.833650868345462e-08
GOV-5122,L1,93.16358279267662,4.725693702697754,0.0,1.7836996939964787e-17,1.7836996939964788e-08
TBILL-3799,L1,100.18311569069994,5.034266471862795,0.0,1.9554493917933488e-16,1.9554493917933489e-07
GOV-4499,L1,61.08045202140001,5.6834138393402105,0.0,0.0011092789782781315,1109278.9782781315
TBILL-5354,L1,140.93536968621046,5.657228517532349,0.0,0.0,0.0
GOV-7391,L1,112.96354675714707,5.5665537357330335,0.0,0.0,0.0
TBILL-3923,L1,54.899208263049125,5.658381739265091,0.0,0.0,0.0
TBILL-1949,L1,135.5922149177708,5.597098112106323,0.0,0.0,0.0
GOV-6423,L1,84.52081424721621,5.592137765884399,0.0,5.863280396841629e-18,5.863280396841629e-09
GOV-4177,L1,51.90229546024798,5.730262517929077,0.0,0.010977805381525471,10977805.381525472
TBILL-3863,L1,67.8886230129444,5.640743207931517,0.0,0.0,0.0
TBILL-112,L1,56.42938760412437,5.634114122390748,0.0,0.0,0.0
TBILL-9475,L1,45.79158678791626,5.700793933068213,0.0,0.005708093765031234,5708093.765031233
TBILL-9454,L1,50.49381349289915,5.595790147781372,0.0,7.082413724217555e-18,7.082413724217555e-09
GOV-5736,L1,99.4870008082612,5.252449989318848,0.0,0.0,0.0
TBILL-9918,L1,99.99541067085786,5.1651792526245135,0.0,0.0,0.0
GOV-3267,L1,82.29866987080452,5.246211051940919,0.0,0.0,0.0
TBILL-4537,L1,75.9051842896263,5.645965147018432,0.0,0.0,0.0
TBILL-3245,L1,91.50193522864352,5.564332056045532,0.0,7.542670902435353e-17,7.542670902435353e-08
GOV-1959,L1,81.58211013932781,4.985344886779785,0.0,5.222295942687984e-17,5.2222959426879844e-08
TBILL-8142,L1,97.55105418995579,5.678146891725869,0.0,0.00011592128211698231,115921.28211698231
TBILL-9471,L1,55.73667780543409,5.726015311163088,0.0,0.009332932450374563,9332932.450374562
TBILL-9400,L1,125.04729525371903,5.540207242965697,0.0,0.0,0.0
GOV-6999,L1,101.7959253486845,4.608666419982911,0.0,1.6557224175670172e-17,1.6557224175670172e-08
TBILL-5811,L1,101.59045941252617,4.873810768127441,0.0,7.671165488309365e-18,7.671165488309365e-09
TBILL-4158,L1,100.35302893661178,5.129561424255371,0.0,1.971595290155823e-17,1.9715952901558232e-08
TBILL-3201,L1,98.94734827046076,5.591712522506715,0.0,3.103199575823497e-17,3.1031995758234974e-08
TBILL-9567,L1,94.69675861438131,5.566851282119751,0.0,0.0,0.0
GOV-3323,L1,95.42582977149459,5.5242971897125255,0.0,1.029210372980991e-18,1.029210372980991e-09
TBILL-8578,L1,73.03742819477534,5.281825065612794,0.0,0.0,0.0
TBILL-8120,L1,45.424509005489554,5.752836139063652,0.0,0.016939120744233937,16939120.744233936
TBILL-6289,L1,100.15312830685336,5.22007656097412,0.0,4.082971802007239e-17,4.082971802007239e-08
GOV-8382,L1,84.85197088788567,5.593548631668091,0.0,7.087891411478721e-17,7.08789141147872e-08
GOV-9355,L1,18.722076757748187,5.860685777664185,0.0,0.04833110643305395,48331106.433053955
GOV-2872,L1,49.18689320453267,5.736419248580933,0.0,0.012940928298510434,12940928.298510434
GOV-2278,L1,98.32646504153924,5.371045112609864,0.0,0.0,0.0
TBILL-5275,L1,98.5759269198833,5.3411283493042,0.0,0.0,0.0
GOV-111,L1,90.09763235265913,4.75888729095459,0.0,7.921892292152513e-17,7.921892292152513e-08
TBILL-9557,L1,48.73250452978834,5.603308153152466,0.0,0.0,0.0
GOV-9840,L1,68.01148627256975,5.721284055709839,0.0,0.00667467685322639,6674676.85322639
TBILL-2491,L1,94.62892422614675,5.573966360092163,0.0,0.0,0.0
GOV-3318,L1,107.33989914901724,5.574820566177369,0.0,0.0,0.0
GOV-2420,L1,96.09721373955838,5.522599935531618,0.0,0.0,0.0
GOV-4586,L1,112.61385479491226,5.539463376998902,0.0,0.0,0.0
GOV-9375,L1,94.32376063085134,5.701062059402466,0.0,0.0026198126766441886,2619812.676644189
TBILL-7352,L1,124.05101551249986,5.46562099456787,0.0,1.3486701969964772e-16,1.3486701969964773e-07
TBILL-9433,L1,92.81827252508782,5.608564805984496,0.0,4.826528381787449e-17,4.826528381787449e-08
TBILL-6049,L1,100.95055361934054,4.952872276306152,0.0,0.0,0.0
GOV-4861,L1,97.28619910489171,5.436688423156739,0.0,3.4146873330495523e-17,3.4146873330495524e-08
GOV-3405,L1,75.89149506213498,5.423567771911621,0.0,0.0,0.0
TBILL-2568,L1,101.61161950285883,4.721339225769043,0.0,0.0,0.0
TBILL-7625,L1,120.62892588138214,5.5871154308319095,0.0,1.266966229916345e-17,1.266966229916345e-08
GOV-3359,L1,125.49195888301111,5.494853019714355,0.0,0.0,0.0
TBILL-6544,L1,76.29439073871437,5.356867790222168,0.0,0.0,0.0
TBILL-3942,L1,31.611098010801815,5.7928885936737045,0.0,0.0292920819036619,29292081.9036619
GOV-5915,L1,41.8954260605809,5.760615968704223,0.0,0.01935573350570338,19355733.50570338
GOV-1492,L1,101.79425184924912,4.651467323303222,0.0,1.0180407217651515e-17,1.0180407217651515e-08
GOV-6500,L1,100.61331234022173,5.126269340515137,0.0,0.0,0.0
GOV-5781,L1,98.88776005034501,5.338501974965474,0.0,3.4422630253127766e-17,3.442263025312777e-08
GOV-3594,L1,95.94982707732865,5.522922277450562,0.0,5.682243622564674e-17,5.682243622564674e-08
GOV-5967,L1,94.16921569928361,5.587021207809448,0.0,0.0,0.0
GOV-747,L1,101.7663978125982,4.7528162002563485,0.0,0.0,0.0
TBILL-4082,L1,94.23333461990403,5.565364789962768,0.0,0.0,0.0
TBILL-7452,L1,87.73645103336261,5.629784179946378,0.0,0.0,0.0
GOV-8529,L1,80.04934401034757,5.40343189239502,0.0,8.02792459935343e-17,8.02792459935343e-08
GOV-6619,L1,107.50413894483803,5.676512002944946,0.0,5.156413822207141e-05,51564.138222071415
GOV-6147,L1,93.47162956146872,5.601760191355304,0.0,0.0,0.0
GOV-8403,L1,120.13107987093495,4.8592004776000985,0.0,2.838966168307325e-17,2.8389661683073252e-08
GOV-1675,L1,43.71034544072105,5.749827432632447,0.0,0.016928920616733036,16928920.616733037
TBILL-7700,L1,94.3270224280239,5.342276573181153,0.0,2.0643337329433753e-17,2.0643337329433755e-08
TBILL-1092,L1,84.05083337590085,5.6347823994234085,0.0,0.0,0.0
GOV-5561,L1,123.84523594386232,5.642286729812622,0.0,0.0,0.0
GOV-777,L1,93.87117392690247,5.5730749607086185,0.0,3.592715890081234e-17,3.592715890081234e-08
GOV-4082,L1,102.47671068048791,5.227997779846192,0.0,0.0,0.0
TBILL-5522,L1,98.07862534010538,3.8895413875579834,0.0,5.002220219695634e-18,5.002220219695634e-09
TBILL-9319,L1,100.5563748823607,4.982508659362795,0.0,0.0,0.0
TBILL-2918,L1,97.57603815045807,5.3762402588481955,0.0,0.0,0.0
GOV-1551,L1,123.81201108962799,5.626112604141236,0.0,4.166379148020491e-17,4.166379148020491e-08
GOV-4077,L1,99.34176135946558,5.201468467712402,0.0,0.0,0.0
TBILL-415,L1,73.13602001353463,5.679546976089478,0.0,0.00017555389271836072,175553.89271836073
GOV-467,L1,32.6261027789229,5.774965143203735,0.0,0.025547413350134277,25547413.350134276
TBILL-7503,L1,146.02493776205156,5.611998987197876,0.0,0.0,0.0
TBILL-7237,L1,57.67530808140485,5.52056918144226,0.0,0.0,0.0
TBILL-991,L1,105.46854364587055,5.507117605209351,0.0,1.1666471733444321e-17,1.1666471733444322e-08
GOV-7342,L1,94.68851514445632,5.569242730415634,0.0,0.0,0.0
GOV-9853,L1,95.60779462481887,5.500546789169312,0.0,5.675782163667541e-17,5.6757821636675415e-08
TBILL-1400,L1,75.91470491781975,5.7218481540679935,0.0,0.006374198250623306,6374198.250623306
TBILL-203,L1,97.3626038027506,4.965392112731934,0.0,0.0,0.0
GOV-8540,L1,97.17951206817266,5.45528507232666,0.0,0.0,0.0
TBILL-9253,L1,123.61328177619006,5.358176231384278,0.0,5.435899317918987e-18,5.435899317918987e-09
TBILL-8492,L1,95.94060698840825,5.490670204162598,0.0,6.925710931991552e-17,6.925710931991552e-08
TBILL-5180,L1,93.16335835444512,5.595744276046753,0.0,0.0,0.0
GOV-2060,L1,101.6678412126559,4.940197944641114,0.0,1.3911486212662457e-17,1.3911486212662457e-08
TBILL-7278,L1,147.28792501576984,5.564227914810181,0.0,0.0,0.0
TBILL-3996,L1,95.24007648531008,5.550157690048217,0.0,6.0047825783884e-17,6.0047825783884e-08
GOV-3028,L1,95.90113441209847,5.486214637756348,0.0,0.0,0.0
GOV-3600,L1,100.1850252358779,5.20609188079834,0.0,0.0,0.0
GOV-1459,L1,97.85085852458789,4.622126579284667,0.0,0.0,0.0
TBILL-2685,L1,98.29033289758617,5.3962202072143555,0.0,0.0,0.0
TBILL-3085,L1,68.91663749349942,5.703060941951783,0.0,0.0038282643210998295,3828264.3210998294
TBILL-8512,L1,91.8867104634517,5.578424596786499,0.0,8.433289145886021e-18,8.433289145886021e-09
GOV-2805,L1,93.7526453978804,5.573326635360718,0.0,0.0,0.0
TBILL-6275,L1,101.65461401707958,4.84996509552002,0.0,4.582717873555607e-19,4.5827178735556073e-10
TBILL-7765,L1,94.10012192114941,5.238553047180177,0.0,1.747950650376796e-17,1.747950650376796e-08
GOV-2949,L1,125.26134157078114,5.527162313461305,0.0,0.0,0.0
TBILL-1905,L1,93.62626977093826,5.587828302383424,0.0,0.0,0.0
GOV-2795,L1,50.179713287417066,5.667297920706972,0.0,1.4883972379489146e-16,1.4883972379489145e-07
GOV-9455,L1,121.91575608104937,4.918366432189942,0.0,6.215176990125101e-17,6.2151769901251e-08
TBILL-1223,L1,90.9324561143252,5.150536537170411,0.0,7.62921095819694e-17,7.62921095819694e-08
TBILL-2634,L1,99.61749324726298,5.23818302154541,0.0,0.0,0.0
TBILL-8649,L1,95.2765765324474,5.509921979904174,0.0,0.0,0.0
TBILL-8571,L1,107.57285255097827,4.689068794250488,0.0,0.0,0.0
GOV-645,L1,98.87818147741244,5.233342170715333,0.0,0.0,0.0
GOV-3342,L1,94.00705699793897,5.585312795639037,0.0,5.362589040511024e-18,5.3625890405110236e-09
TBILL-8753,L1,101.73901539335594,4.801104545593263,0.0,0.0,0.0
TBILL-4495,L1,74.20370728131725,5.660880899429321,0.0,0.0,0.0
TBILL-1076,L1,75.4853359352467,5.676004934310913,0.0,3.9255114280557466e-05,39255.114280557464
TBILL-7224,L1,101.2241854896405,4.993046760559082,0.0,3.8707063474896466e-17,3.870706347489647e-08
TBILL-6334,L1,129.8221465335517,5.663328218460084,0.0,4.1007976927062084e-17,4.100797692706208e-08
GOV-5811,L1,94.08456036310835,5.57034993171692,0.0,0.0,0.0
GOV-4936,L1,96.42826265262538,5.506327867507936,0.0,0.0,0.0
GOV-8479,L1,105.99420749661014,4.646050453186035,0.0,0.0,0.0
GOV-8214,L1,97.2099168043163,5.449372291564942,0.0,0.0,0.0
TBILL-1758,L1,98.66276968369164,5.2845869064331055,0.0,0.0,0.0
GOV-3167,L1,96.09048847416969,5.515110445022583,0.0,0.0,0.0
GOV-4113,L1,93.18682919903931,5.603682565689088,0.0,0.0,0.0
TBILL-9418,L1,92.90477333073491,5.602587842941284,0.0,0.0,0.0
TBILL-9918,L1,94.44935749464183,5.582750177383423,0.0,0.0,0.0
GOV-3016,L1,98.08401380944584,5.001788139343262,0.0,2.3857178022046257e-17,2.3857178022046256e-08
GOV-4237,L1,95.19823382443965,5.553077363967897,0.0,5.056277696229403e-17,5.056277696229403e-08
GOV-8035,L1,125.21601860854086,5.362238883972169,0.0,7.851994606070145e-17,7.851994606070145e-08
TBILL-2359,L1,101.96921793825695,4.699185371398926,0.0,0.0,0.0
TBILL-8971,L1,101.10546312173668,4.765212059020996,0.0,8.477304814867962e-18,8.477304814867963e-09
TBILL-6417,L1,100.04554793994905,5.058465003967285,0.0,0.0,0.0
TBILL-6527,L1,118.49778941479342,5.291903495788575,0.0,0.0,0.0
GOV-8001,L1,101.10282511923526,4.995182991027833,0.0,1.1225626294663953e-18,1.1225626294663953e-09
GOV-8313,L1,59.87597795466043,5.690060087325676,0.0,0.0022644083721171456,2264408.3721171455
TBILL-3021,L1,79.98848132455275,5.532869005203247,0.0,0.0,0.0
GOV-3998,L1,129.6277013195142,5.675433397293092,0.0,7.889825896121233e-06,7889.825896121232
GOV-991,L1,95.6753448178862,5.589681768417358,0.0,0.0,0.0
TBILL-328,L1,105.43605216158912,5.148028373718263,0.0,0.0,0.0
GOV-3011,L1,94.3588179353858,5.5600783824920645,0.0,0.0,0.0
GOV-376,L1,94.0651790596517,5.5909265041351315,0.0,0.0,0.0
TBILL-3818,L1,101.76538002516816,4.824446678161621,0.0,0.0,0.0
GOV-9730,L1,41.474240537049084,5.766042470932006,0.0,0.02059166434471145,20591664.34471145
TBILL-8996,L1,88.71606581470422,5.484820365905761,0.0,3.2121356107980084e-17,3.2121356107980086e-08
GOV-2923,L1,93.45783582165548,5.607797384262085,0.0,6.99031785036058e-18,6.99031785036058e-09
TBILL-8639,L1,101.50854289989512,5.011212348937988,0.0,0.0,0.0
TBILL-801,L1,97.1907076815144,5.402834839726759,0.0,1.210110240744961e-16,1.210110240744961e-07
TBILL-9740,L1,60.094480081749886,5.647749185562133,0.0,1.1584458072380349e-16,1.1584458072380349e-07
TBILL-8968,L1,94.99474048910848,5.532332181930542,0.0,0.0,0.0
TBILL-967,L1,95.05879892564582,5.518237161636352,0.0,0.0,0.0
TBILL-9313,L1,101.25420647171227,2.806322076497206,0.0,4.150436315722155e-17,4.150436315722155e-08
GOV-5606,L1,94.14249367470987,4.700711250305176,0.0,0.0,0.0
GOV-2225,L1,98.61664607879244,4.959811210632323,0.0,1.4522395110644364e-17,1.4522395110644365e-08
TBILL-1327,L1,93.89336865264357,5.575238370895386,0.0,1.733666368139067e-17,1.733666368139067e-08
TBILL-422,L1,89.22331815733233,5.472012519836426,0.0,4.5665336879828253e-17,4.5665336879828257e-08
GOV-4535,L1,95.67607034131778,5.540373373031617,0.0,0.0,0.0
GOV-1557,L1,150.06052947129444,5.574830484390258,0.0,3.638190803345307e-17,3.638190803345307e-08
GOV-9279,L1,127.28918265265318,5.525305128097536,0.0,0.0,0.0
TBILL-5731,L1,117.23766831731072,5.2543134689331055,0.0,0.0,0.0
GOV-6504,L1,52.42685288669547,5.729175233840943,0.0,0.010565763890985281,10565763.89098528
GOV-1585,L1,108.49773461039874,4.62873363494873,0.0,0.0,0.0
TBILL-2381,L1,135.2537337530324,5.555940008163452,0.0,1.7363684120478164e-17,1.7363684120478162e-08
TBILL-380,L1,97.80652877379026,5.356650352478028,0.0,0.0,0.0
GOV-7685,L1,94.83745369857957,4.75614070892334,0.0,0.0,0.0
TBILL-7234,L1,130.5958325349415,5.5156361103057865,0.0,0.0,0.0
GOV-5337,L1,101.14760913047294,4.750184770000796,0.0,0.0,0.0
GOV-3843,L1,96.3680917162286,5.4643049240112305,0.0,4.3658033305335557e-17,4.365803330533556e-08
TBILL-6122,L1,122.27964994569024,5.2938032150268555,0.0,0.0,0.0
GOV-9354,L1,94.07272617537701,5.565671014785767,0.0,0.0,0.0
TBILL-1974,L1,108.67339066813037,5.595632696151733,0.0,0.0,0.0
GOV-2434,L1,120.78040579797856,5.241318702697755,0.0,0.0,0.0
TBILL-7507,L1,108.90674487679071,5.046257972717286,0.0,0.0,0.0
GOV-9225,L1,44.095459689565416,5.739341402053834,0.0,0.014608957347921083,14608957.347921083
TBILL-5451,L1,77.01693940068597,5.429723421185438,0.0,1.5271010118996496e-17,1.5271010118996497e-08
TBILL-2698,L1,67.72380992592866,5.652530995777126,0.0,4.893158300401171e-17,4.8931583004011714e-08
TBILL-7710,L1,95.98404554824953,5.526414728164674,0.0,0.0,0.0
GOV-2324,L1,119.07597241010124,5.484328269958496,0.0,4.01485946697438e-18,4.0148594669743795e-09
GOV-935,L1,102.0104708091908,4.6984968185424805,0.0,0.0,0.0
GOV-636,L1,136.3865959169573,5.525489854812622,0.0,0.0,0.0
TBILL-5904,L1,101.01811181240892,4.838435173034668,0.0,0.0,0.0
TBILL-7315,L1,95.80031460643215,5.481947898864745,0.0,1.4489054816011293e-17,1.4489054816011293e-08
GOV-8878,L1,96.23081067092505,5.484923362731933,0.0,4.012492574186465e-17,4.012492574186465e-08
GOV-1263,L1,95.67607034131775,5.540373373031617,0.0,0.0,0.0
GOV-874,L1,107.18541547464818,5.396891593933105,0.0,0.0,0.0
GOV-9865,L1,70.21540072382561,5.6706032276153575,0.0,1.5976091753401446e-16,1.5976091753401448e-07
GOV-3944,L1,131.93029768344508,5.6738353252410905,0.0,0.0,0.0
TBILL-8746,L1,136.1450165456378,5.451926231384277,0.0,0.0,0.0
GOV-5359,L1,104.77734509762745,4.166017770767214,0.0,0.0,0.0
GOV-1023,L1,136.82950887538198,5.651101042246317,0.0,0.0,0.0
TBILL-238,L1,93.90769120634778,5.570755338668823,0.0,3.0765793251205436e-17,3.076579325120544e-08
GOV-2656,L1,145.34497616090968,5.6065352916717535,0.0,6.929915323027493e-17,6.929915323027494e-08
GOV-7834,L1,113.76830843491793,4.9409284591674805,0.0,0.0,0.0
GOV-5629,L1,94.13046083831297,5.56558918952942,0.0,0.0,0.0
GOV-837,L1,95.43912040095172,5.540863084793091,0.0,9.259942141727971e-17,9.259942141727972e-08
GOV-3930,L1,101.73673949376021,4.894022941589355,0.0,0.0,0.0
TBILL-6352,L1,96.98061437524625,5.450377464294434,0.0,0.0,0.0
GOV-6540,L1,100.90698509940805,4.572966575622559,0.0,0.0,0.0
TBILL-9226,L1,93.93297452969585,5.5996842861175535,0.0,0.0,0.0
GOV-3859,L1,95.18760674761151,5.558486523114063,0.0,0.0,0.0
TBILL-968,L1,148.11368387781044,5.665661478042602,0.0,1.8479937431674827e-17,1.8479937431674827e-08
GOV-5731,L1,93.7451481089294,5.58381266593933,0.0,0.0,0.0
TBILL-5516,L1,96.51351443301809,5.474156379699707,0.0,3.437530264406398e-16,3.437530264406398e-07
GOV-5593,L1,36.29382058697653,5.731995725631714,0.0,0.014949358398034879,14949358.398034878
GOV-4813,L1,94.14702445691434,5.555368471145631,0.0,0.0,0.0
GOV-9922,L1,97.54414959889951,5.376559257507325,0.0,4.7926807239503034e-18,4.7926807239503035e-09
TBILL-7185,L1,98.03536389709004,5.364060401916505,0.0,1.0736391443200056e-17,1.0736391443200057e-08
TBILL-5129,L1,97.8208705563732,5.365633964538575,0.0,6.331877530658078e-17,6.331877530658077e-08
GOV-3331,L1,134.38886393108504,5.335295677185059,0.0,0.0,0.0
TBILL-1274,L1,58.42445947423818,5.607494878768921,0.0,0.0,0.0
TBILL-4431,L1,93.54302643757727,5.61192831993103,0.0,1.811947359406532e-17,1.811947359406532e-08
TBILL-2999,L1,99.12117783989487,5.304146766662599,0.0,0.0,0.0
TBILL-4356,L1,105.37997298995533,4.629815101623535,0.0,0.0,0.0
GOV-2618,L1,96.10105482694557,5.511244821548463,0.0,0.0,0.0
GOV-7947,L1,94.55465466486675,5.33742618560791,0.0,2.6580831291132433e-18,2.6580831291132434e-09
TBILL-1061,L1,93.31234104461728,5.597163820266723,0.0,0.0,0.0
TBILL-1256,L1,101.6628921560399,5.013230323791505,0.0,0.0,0.0
TBILL-1569,L1,122.18804764584445,5.6635488986969005,0.0,0.0,0.0
TBILL-2444,L1,94.13378410304401,5.558052587509156,0.0,1.528606541914407e-17,1.528606541914407e-08
GOV-6261,L1,27.28329395259885,5.821405256890453,0.0,0.03590937682349976,35909376.82349976
GOV-4566,L1,129.45929318576583,5.643132257461549,0.0,0.0,0.0
GOV-9107,L1,98.74544638090529,5.339843139716082,0.0,2.4612334777689635e-17,2.4612334777689635e-08
TBILL-2496,L1,93.53468279040241,5.59675965309143,0.0,1.5081426398500762e-17,1.5081426398500763e-08
GOV-7251,L1,98.36263353420159,5.212655067443848,0.0,0.0,0.0
TBILL-5322,L1,71.10407417595967,5.645787858963014,0.0,1.0332321766191335e-17,1.0332321766191335e-08
GOV-4327,L1,97.48682790178411,5.408396720886231,0.0,1.1827008028907644e-17,1.1827008028907645e-08
GOV-1477,L1,95.29643781010125,5.5637753963470455,0.0,0.0,0.0
GOV-3637,L1,99.48577728435686,5.493239402770996,0.0,1.2800798295323102e-18,1.2800798295323103e-09
TBILL-1384,L1,103.83124294269247,5.644596433639526,0.0,1.0018518285304604e-17,1.0018518285304604e-08
TBILL-4752,L1,100.9509542177948,4.9979028701782235,0.0,0.0,0.0
TBILL-5035,L1,103.06309582475882,4.239560079574585,0.0,0.0,0.0
TBILL-4610,L1,104.58810421971923,5.6422978878021235,0.0,6.00195985915473e-17,6.00195985915473e-08
TBILL-8606,L1,93.78998396283545,5.6075506687164305,0.0,0.0,0.0
TBILL-9167,L1,97.6982716484659,5.428259849548341,0.0,0.0,0.0
GOV-5356,L1,101.78485960168784,5.257157325744631,0.0,0.0,0.0
TBILL-9132,L1,93.6562773173541,5.589649534225464,0.0,1.3937284634845333e-16,1.3937284634845332e-07
TBILL-5111,L1,98.86306780819976,5.233506202697756,0.0,3.776868993933004e-18,3.776868993933004e-09
GOV-5602,L1,99.25083608685078,5.215973854064942,0.0,0.0,0.0
GOV-723,L1,100.38231962310536,5.190285682678223,0.0,0.0,0.0
TBILL-7973,L1,133.54250937425158,5.308485984802246,0.0,0.0,0.0
TBILL-2736,L1,100.71389458312866,4.88996982574463,0.0,0.0,0.0
TBILL-5920,L1,126.96880762015415,5.608748292922973,0.0,0.0,0.0
TBILL-9493,L1,96.07503312798913,4.681879997253417,0.0,0.0,0.0
GOV-9216,L1,100.91220882239612,1.5361640646457695,0.0,0.0,0.0
TBILL-6725,L1,99.53954258522072,5.2261743545532235,0.0,0.0,0.0
TBILL-3862,L1,119.60646767771665,4.9776391983032235,0.0,0.0,0.0
TBILL-3579,L1,99.12624988757521,5.230544090270998,0.0,0.0,0.0
TBILL-1891,L1,101.41422552760936,4.7595415115356445,0.0,0.0,0.0
GOV-3818,L1,39.65037119990586,5.706528234481811,0.0,0.008259002907627076,8259002.907627076
GOV-5182,L1,95.12305921065456,5.521684980392457,0.0,0.0,0.0
GOV-4236,L1,138.36072511571507,5.438612937927247,0.0,2.0038415157328166e-16,2.0038415157328166e-07
GOV-6836,L1,109.3352002730883,4.801609992980957,0.0,0.0,0.0
GOV-6103,L1,89.78764053194168,4.944005012512206,0.0,0.0,0.0
TBILL-556,L1,96.12629366756558,5.485325813293457,0.0,0.0,0.0
GOV-5255,L1,48.755097887897925,5.748239278793335,0.0,0.015147216669380077,15147216.669380078
TBILL-1479,L1,111.63244058678124,5.453225135803223,0.0,3.198435230175146e-17,3.198435230175146e-08
GOV-7322,L1,94.77167249228341,5.559200620651246,0.0,0.0,0.0
GOV-8555,L1,129.81980781952254,5.642911577224733,0.0,1.356885084818409e-16,1.356885084818409e-07
TBILL-725,L1,117.28427089943976,5.682829904556275,0.0,0.00029213075367983944,292130.7536798394
TBILL-4775,L1,92.59187746353948,5.6167432477393415,0.0,4.642660522157257e-17,4.642660522157257e-08
GOV-3205,L1,84.92615387477903,5.673990297317505,0.0,0.0,0.0
GOV-9069,L1,99.46153343970202,5.200400352478027,0.0,0.0,0.0
TBILL-576,L1,95.7806417403401,5.519674165466438,0.0,6.841898780406252e-18,6.841898780406252e-09
GOV-9752,L1,101.25460508120331,4.99251651763916,0.0,5.8241090268442085e-18,5.8241090268442084e-09
TBILL-6630,L1,108.66909937720035,4.69400691986084,0.0,0.0,0.0
GOV-2373,L1,96.0853870329663,5.50312180519104,0.0,0.0,0.0
GOV-8836,L1,95.71022946034637,5.482331275939941,0.0,1.0833132741929057e-16,1.0833132741929056e-07
TBILL-1457,L1,101.04061725357822,5.083542823791505,0.0,0.0,0.0
GOV-8770,L1,101.54023611143037,4.732367515563966,0.0,0.0,0.0
TBILL-7782,L1,112.8680880240636,5.630632829666138,0.0,0.0,0.0
TBILL-9995,L1,46.32420657637189,5.7086122989654555,0.0,0.007381472535197002,7381472.535197002
TBILL-2760,L1,83.40770264176025,5.665790414810182,0.0,0.0,0.0
TBILL-1441,L1,124.93757250501028,5.5577661991119385,0.0,1.290217015079332e-16,1.290217015079332e-07
TBILL-9593,L1,99.35731835735248,5.687038946151733,0.0,0.0005833949828488074,583394.9828488075
GOV-8687,L1,97.54414959889951,5.376559257507325,0.0,0.0,0.0
GOV-1102,L1,88.0272500388347,5.4790449142456055,0.0,0.0,0.0
TBILL-6281,L1,101.5307831881849,4.78085994720459,0.0,0.0,0.0
TBILL-2812,L1,98.93535287028762,5.574425077438354,0.0,0.0,0.0
GOV-2785,L1,75.89158718249992,5.336091041564941,0.0,0.0,0.0
GOV-1145,L1,100.7811786501542,4.5136648550452065,0.0,0.0,0.0
TBILL-2665,L1,101.18845054363933,0.8813955180645018,0.0,8.568611121737394e-17,8.568611121737394e-08
GOV-9527,L1,93.63864835113256,5.609102869033814,0.0,0.0,0.0
GOV-8743,L1,121.84465365334553,5.654881620407104,0.0,0.0,0.0
TBILL-394,L1,84.19063394299344,5.243916511535645,0.0,0.0,0.0
TBILL-2446,L1,91.51874734867435,5.660601949691774,0.0,2.611230734233158e-16,2.611230734233158e-07
TBILL-2672,L1,96.31867235194046,5.459134101867677,0.0,0.0,0.0
GOV-5898,L1,72.54529730068,5.5059807300567645,0.0,0.0,0.0
TBILL-2152,L1,96.76399180498291,5.4198389053344735,0.0,0.0,0.0
TBILL-9737,L1,100.60200046248755,5.004267692565918,0.0,0.0,0.0
TBILL-2780,L1,151.98490633729676,5.658048009872436,0.0,0.0,0.0
GOV-7484,L1,43.34847230315295,5.75816617012024,0.0,0.018505606808641793,18505606.808641795
TBILL-734,L1,93.95540568547983,5.601291036605835,0.0,0.0,0.0
GOV-5073,L1,85.2442366568617,4.89241886138916,0.0,0.0,0.0
GOV-7928,L1,100.50373064923271,4.960652351379395,0.0,0.0,0.0
TBILL-3789,L1,64.87836510753185,5.718137502670288,0.0,0.00647930773801326,6479307.73801326
GOV-4692,L1,95.76603053586062,5.519714975357055,0.0,0.0,0.0
TBILL-6966,L1,101.34522115900248,4.990941047668457,0.0,9.394953972555431e-18,9.39495397255543e-09
GOV-3093,L1,95.83589353063812,5.52677550315857,0.0,0.0,0.0
TBILL-1103,L1,79.20394389712655,5.169840812683106,0.0,0.0,0.0
GOV-2979,L1,92.64990758310914,5.617859411239625,0.0,0.0,0.0
TBILL-7936,L1,100.45656702110333,5.092301368713379,0.0,0.0,0.0
TBILL-9532,L1,101.41591132788618,4.876669883728027,0.0,0.0,0.0
GOV-3171,L1,55.22914165468501,5.676163625717163,0.0,0.00027191631410121214,271916.31410121213
TBILL-2723,L1,154.24493833720302,5.667232275009157,0.0,0.0,0.0
GOV-8234,L1,99.23330081057564,5.18425464630127,0.0,0.0,0.0
TBILL-7270,L1,102.05558387375224,4.722868919372559,0.0,0.0,0.0
TBILL-1650,L1,101.11016307956086,4.813036918640136,0.0,0.0,0.0
GOV-5737,L1,100.97409567015708,1.40232649111748,0.0,2.49745237811981e-17,2.49745237811981e-08
GOV-9162,L1,97.21380638616697,5.43057918548584,0.0,0.0,0.0
TBILL-4901,L1,41.377152841641134,5.718115186691285,0.0,0.010622046487917185,10622046.487917185
TBILL-7616,L1,100.6017434032685,4.981661796569824,0.0,0.0,0.0
GOV-162,L1,93.01168060436568,5.5992578029632565,0.0,0.0,0.0
TBILL-4386,L1,94.73065641016088,5.561863660812379,0.0,0.0,0.0
TBILL-3532,L1,119.21286178032642,4.989123344421387,0.0,0.0,0.0
GOV-1819,L1,92.2742144258861,5.61713786125183,0.0,4.07478644095635e-17,4.0747864409563503e-08
GOV-2829,L1,134.4569913925721,5.631482076644898,0.0,0.0,0.0
GOV-9787,L1,92.75794505048559,5.602820920944214,0.0,0.0,0.0
TBILL-5660,L1,134.3935768453504,5.414795468286082,0.0,0.0,0.0
TBILL-8502,L1,119.70902741075284,4.934189796447754,0.0,0.0,0.0
GOV-6750,L1,149.64990084068054,5.648662618210428,0.0,0.0,0.0
TBILL-1543,L1,62.38767827083059,5.52696270942688,0.0,0.0,0.0
TBILL-5947,L1,99.61749324726298,5.23818302154541,0.0,0.0,0.0
GOV-5335,L1,96.1027591381168,5.480629920959473,0.0,6.710401050835236e-17,6.710401050835236e-08
GOV-7801,L1,101.78348640402517,5.527002382278442,0.0,0.0,0.0
GOV-4116,L1,94.85656038535946,5.5480897426605225,0.0,1.3184308528813892e-17,1.3184308528813892e-08
TBILL-3294,L1,98.84452120107525,5.328642845153809,0.0,0.0,0.0
TBILL-246,L1,27.220682744153063,5.8042598247528066,0.0,0.03368189221408658,33681892.21408658
GOV-768,L1,98.9592697576626,5.144352912902832,0.0,0.0,0.0
GOV-3946,L1,94.44700248094196,5.559880018234253,0.0,0.0,0.0
TBILL-2102,L1,96.96806775005743,5.4561662673950195,0.0,0.0,0.0
GOV-6686,L1,110.76343530649838,5.634323644638062,0.0,1.8369474945166425e-17,1.8369474945166425e-08
GOV-9037,L1,95.63085608131725,5.543511247634888,0.0,0.0,0.0
TBILL-8526,L1,73.45987498435345,5.556045389175416,0.0,0.0,0.0
GOV-4766,L1,29.816743633508292,5.8027311801910395,0.0,0.03180719365140294,31807193.651402943
GOV-6513,L1,101.68168078408297,4.679282188415528,0.0,0.0,0.0
TBILL-2215,L1,95.2448498478239,4.712635993957519,0.0,2.392389405844682e-17,2.392389405844682e-08
TBILL-273,L1,101.47305616052093,4.632760047912598,0.0,0.0,0.0
TBILL-711,L1,107.50766748924582,4.912617683410645,0.0,0.0,0.0
TBILL-9207,L1,92.98505911495828,5.623334264755249,0.0,0.0,0.0
TBILL-6797,L1,67.24756102347786,5.603068876266478,0.0,0.0,0.0
TBILL-4158,L1,52.13791083370252,5.745522928237916,0.0,0.013762970204986355,13762970.204986356
GOV-3910,L1,100.63997780544399,5.026219367980957,0.0,0.0,0.0
GOV-3645,L1,93.82621211277741,5.634307527542115,0.0,0.0,0.0
GOV-2397,L1,135.4338854587533,5.537406587600708,0.0,0.0,0.0
TBILL-9521,L1,94.82701787904726,5.548160409927369,0.0,0.0,0.0
TBILL-8058,L1,99.3608139891446,4.931225776672364,0.0,0.0,0.0
GOV-2272,L1,108.30841938103342,4.813060860932363,0.0,0.0,0.0
GOV-4100,L1,95.19850313076245,5.521397352218628,0.0,0.0,0.0
TBILL-804,L1,128.32384769934626,5.278927803039552,0.0,9.888617679379667e-18,9.888617679379667e-09
GOV-5378,L1,134.77829335957955,5.531357717514037,0.0,7.138692710242569e-17,7.138692710242569e-08
GOV-7612,L1,98.7262761765674,5.318852424621583,0.0,0.0,0.0
GOV-3629,L1,101.67979426106476,4.70455265045166,0.0,0.0,0.0
TBILL-9369,L1,111.51910202933699,4.984950065612794,0.0,0.0,0.0
GOV-4424,L1,40.7458633632485,5.752972745895385,0.0,0.0182826879483233,18282687.948323302
TBILL-5384,L1,92.2864157882709,5.615906763076782,0.0,0.0,0.0
GOV-7728,L1,59.9119676703056,5.653903436660768,0.0,0.0,0.0
GOV-4781,L1,95.46776171270167,5.540802335739135,0.0,1.1981781059210264e-17,1.1981781059210264e-08
GOV-4924,L1,92.5201295657998,5.618013143539429,0.0,0.0,0.0
TBILL-3843,L1,98.49495437233168,5.360917091369631,0.0,0.0,0.0
GOV-6881,L1,116.35108213448301,5.324995994567871,0.0,0.0,0.0
TBILL-2791,L1,144.1885702887829,5.5962203502655035,0.0,2.5337711412198746e-17,2.5337711412198746e-08
TBILL-7737,L1,97.39204912688841,5.454400062561036,0.0,0.0,0.0
GOV-8256,L1,79.95225204633964,5.675625562667847,0.0,2.2337300836192627e-05,22337.300836192626
TBILL-1714,L1,92.65590648941041,5.614138841629028,0.0,0.0,0.0
GOV-4236,L1,114.5205356346704,5.618035459518432,0.0,2.216807581232872e-17,2.2168075812328718e-08
GOV-5370,L1,93.802908838207,5.566289594502264,0.0,0.0,0.0
TBILL-1474,L1,86.22732473589275,5.115859031677247,0.0,0.0,0.0
TBILL-4971,L1,93.73465222267407,5.568819676085791,0.0,0.0,0.0
GOV-4940,L1,116.63367338399345,4.972897529602051,0.0,0.0,0.0
GOV-8767,L1,128.1072945642158,5.662482690811157,0.0,3.0098012844005526e-17,3.0098012844005526e-08
GOV-6842,L1,148.1509854402861,5.49318027496338,0.0,0.0,0.0
GOV-7563,L1,119.62860942894275,5.517818117141723,0.0,0.0,0.0
GOV-2756,L1,92.73828325592162,5.617760229110718,0.0,0.0,0.0
GOV-7849,L1,93.06022454698393,5.600761651992799,0.0,0.0,0.0
TBILL-5321,L1,101.67378506169943,4.653800010681152,0.0,0.0,0.0
TBILL-1706,L1,94.16247235570998,5.578999853134156,0.0,0.0,0.0
GOV-5324,L1,100.29121325311024,5.0541772842407235,0.0,0.0,0.0
GOV-4738,L1,94.32936135824043,5.576608324050904,0.0,0.0,0.0
GOV-1494,L1,73.91521140970029,5.392254829406738,0.0,0.0,0.0
TBILL-5783,L1,77.69384533174772,5.24427890777588,0.0,2.0681070307547426e-17,2.0681070307547427e-08
GOV-4214,L1,106.83473865343558,5.450396537780762,0.0,0.0,0.0
GOV-9618,L1,98.32934305367179,5.343050956726074,0.0,0.0,0.0
GOV-5848,L1,94.19841198634906,5.585045003890992,0.0,0.0,0.0
TBILL-9661,L1,103.39902090621916,5.645052671432496,0.0,0.0,0.0
GOV-2721,L1,93.7959576121625,5.579651975631713,0.0,0.0,0.0
GOV-2518,L1,149.2239107450701,5.643986463546753,0.0,0.0,0.0
GOV-1737,L1,96.86332354808081,5.482728004455566,0.0,0.0,0.0
TBILL-4631,L1,92.31595598328514,5.6182920932769775,0.0,0.0,0.0
TBILL-5343,L1,49.475196587655965,5.590855836868286,0.0,0.0,0.0
GOV-8160,L1,124.77451026348605,5.288891792297365,0.0,6.728690337059105e-18,6.728690337059105e-09
GOV-6572,L1,119.67065556665082,5.660815191268921,0.0,0.0,0.0
GOV-440,L1,92.47464089473955,5.620430707931518,0.0,0.0,0.0
GOV-3345,L1,83.42355379994143,5.5385298252105715,0.0,4.019701480639902e-17,4.019701480639902e-08
GOV-7481,L1,58.28415603261897,5.495316505432129,0.0,0.0,0.0
TBILL-3206,L1,56.69939125295215,5.624610045330988,0.0,2.837383169081664e-17,2.8373831690816638e-08
GOV-8317,L1,97.2595718745664,5.460616111755371,0.0,0.0,0.0
TBILL-3409,L1,101.14415122960256,4.971701622009277,0.0,0.0,0.0
TBILL-6092,L1,95.23021644322539,5.54132056236267,0.0,0.0,0.0
TBILL-1226,L1,96.09514102888535,5.465624809265137,0.0,4.612244867279096e-17,4.612244867279096e-08
GOV-2653,L1,101.02654311823134,4.996533393859864,0.0,0.0,0.0
GOV-7728,L1,98.82899614026617,5.258732795715332,0.0,0.0,0.0
TBILL-626,L1,109.56018391088868,5.445492744445801,0.0,0.0,0.0
GOV-2626,L1,101.42184947564064,4.989642143249512,0.0,0.0,0.0
TBILL-4801,L1,96.07189203847912,5.470923423767089,0.0,0.0,0.0
TBILL-3973,L1,96.9382026128211,5.278082847595215,0.0,0.0,0.0
GOV-9529,L1,37.53371939402146,5.763916254043579,0.0,0.021594602162078372,21594602.162078373
TBILL-8280,L1,99.36141063323231,5.265835762023926,0.0,0.0,0.0
TBILL-6102,L1,101.32970360704458,4.76120662689209,0.0,0.0,0.0
TBILL-4032,L1,101.21522039327529,3.8430237293243423,0.0,0.0,0.0
TBILL-8833,L1,35.274510467845914,5.76982502937317,0.0,0.023463060647061065,23463060.647061065
GOV-2272,L1,97.82329974743116,5.356415748596192,0.0,0.0,0.0
GOV-5249,L1,92.4470062727929,5.619296312332153,0.0,0.0,0.0
GOV-3945,L1,30.771283420373816,5.77671570777893,0.0,0.026613267366393332,26613267.36639333
TBILL-5694,L1,41.26241941004343,5.774435517593675,0.0,0.02189374752364318,21893747.52364318
GOV-6698,L1,99.92150448884134,5.2529096603393555,0.0,0.0,0.0
TBILL-1465,L1,96.09018552032072,5.490105628967285,0.0,0.0,0.0
TBILL-8674,L1,105.65066528432958,5.6194945099469225,0.0,0.0,0.0
TBILL-1593,L1,98.87251113187247,5.633563661575318,0.0,0.0,0.0
GOV-8275,L1,95.65680846058936,5.516277074813844,0.0,0.0,0.0
TBILL-8392,L1,121.31049016889529,5.297347068786621,0.0,0.0,0.0
GOV-5058,L1,122.3872284717774,5.06711483001709,0.0,0.0,0.0
GOV-1270,L1,94.50356744158056,5.546113538742066,0.0,3.256714306482072e-17,3.256714306482072e-08
GOV-2376,L1,111.41197436161538,5.270236015319824,0.0,0.0,0.0
GOV-9740,L1,106.33256640860745,4.649472236633301,0.0,0.0,0.0
TBILL-2970,L1,108.53766706286531,5.623491716384889,0.0,1.6846870381805728e-17,1.684687038180573e-08
TBILL-2333,L1,97.58945079657694,5.435282707214356,0.0,9.237947905436558e-17,9.237947905436558e-08
TBILL-1755,L1,101.09031430142714,4.637368202209472,0.0,0.0,0.0
TBILL-1221,L1,113.24034531708044,4.844243049621583,0.0,2.572095109595238e-17,2.572095109595238e-08
TBILL-8905,L1,92.34750588400394,5.615828657150268,0.0,0.0,0.0
GOV-2868,L1,85.29380658813012,5.4297271773099105,0.0,4.104700737351872e-17,4.104700737351872e-08
GOV-7688,L1,131.65671533398492,5.6045206546783435,0.0,0.0,0.0
TBILL-8187,L1,99.28135886393625,5.202166557312012,0.0,0.0,0.0
TBILL-1563,L1,115.72511342141757,5.319174766540527,0.0,0.0,0.0
GOV-738,L1,100.42764430595295,5.029829978942871,0.0,0.0,0.0
GOV-7937,L1,110.13642522173987,5.289580345153809,0.0,0.0,0.0
TBILL-337,L1,92.10451902184285,5.048285473635201,0.0,4.1497673892412174e-17,4.149767389241217e-08
GOV-8816,L1,103.83414203480476,2.649472250938418,0.0,5.1505623126496145e-19,5.150562312649614e-10
GOV-4598,L1,146.01222554798278,5.567502164840699,0.0,0.0,0.0
GOV-7388,L1,79.54988761122577,5.16679859161377,0.0,0.0,0.0
GOV-3056,L1,97.16923627828183,5.4608767975338,0.0,0.0,0.0
TBILL-1257,L1,75.05601881595695,5.669090700149537,0.0,0.0,0.0
GOV-644,L1,98.88154811066394,5.31754207611084,0.0,0.0,0.0
TBILL-1617,L1,98.47729181841294,5.622187471389771,0.0,4.152915601402958e-17,4.152915601402958e-08
TBILL-1457,L1,105.59462736490285,4.699162483215331,0.0,0.0,0.0
GOV-2614,L1,64.71341704802617,5.649300899397173,0.0,0.0,0.0
GOV-7158,L1,67.76127861012064,5.487000465393066,0.0,0.0,0.0
GOV-5546,L1,92.3177997106473,5.617079591751099,0.0,0.0,0.0
TBILL-6739,L1,121.99494891793942,5.394686698913575,0.0,0.0,0.0
TBILL-3455,L1,94.19558199293124,5.560488748550414,0.0,0.0,0.0
TBILL-7674,L1,112.95067338665358,5.370182991027833,0.0,0.0,0.0
TBILL-2056,L1,98.8706694484842,5.270455360412598,0.0,0.0,0.0
TBILL-9214,L1,96.24785479994803,5.4648663851957044,0.0,2.3678459004496377e-17,2.3678459004496378e-08
TBILL-4135,L1,95.32141913925602,5.501667547225953,0.0,0.0,0.0
GOV-4030,L1,50.46604640600058,5.6182920932769775,0.0,1.3566381898587636e-16,1.3566381898587636e-07
TBILL-5868,L1,97.83658212085251,5.382901191711427,0.0,0.0,0.0
TBILL-4947,L1,67.55233991299761,5.616509294509889,0.0,0.0,0.0
TBILL-4162,L1,97.6056031522303,5.367352485656738,0.0,5.097096030293319e-17,5.0970960302933195e-08
GOV-5550,L1,34.234807071748236,5.772842645645142,0.0,0.024474513896817752,24474513.89681775
TBILL-8025,L1,52.533928172868364,5.751158952713014,0.0,0.01467312588840871,14673125.88840871
TBILL-4569,L1,75.40991098880626,5.466246604919433,0.0,0.0,0.0
GOV-4115,L1,145.67824084295836,5.670725965499878,0.0,8.961769792758756e-17,8.961769792758756e-08
GOV-5745,L1,66.5077489277705,5.489428520202636,0.0,0.0,0.0
GOV-579,L1,69.24568484498701,5.562277746200561,0.0,0.0,0.0
GOV-7167,L1,101.26201484660936,4.8337202072143555,0.0,0.0,0.0
TBILL-4976,L1,95.92966621761319,5.51927981376648,0.0,0.0,0.0
TBILL-6884,L1,96.6182128164286,5.446181297302246,0.0,0.0,0.0
TBILL-7090,L1,86.82993763379207,4.918826103210449,0.0,0.0,0.0
GOV-5661,L1,119.62077183310669,5.649752660612599,0.0,8.862743544526715e-17,8.862743544526716e-08
TBILL-4394,L1,81.0472146071808,5.39139461517334,0.0,0.0,0.0
TBILL-7493,L1,89.62353995666409,4.837126731872559,0.0,7.04948592116612e-18,7.049485921166121e-09
TBILL-2019,L1,100.35105477036701,5.176144599914552,0.0,2.5344514367181997e-17,2.5344514367181997e-08
TBILL-6742,L1,94.55360603857667,4.7000627517700195,0.0,0.0,0.0
GOV-7227,L1,110.65366640018345,4.881239891052246,0.0,0.0,0.0
GOV-5538,L1,68.49546237291727,5.7310386180877675,0.0,0.008187122568633711,8187122.568633711
GOV-1484,L1,95.45468313193162,5.531111001968384,0.0,0.0,0.0
TBILL-2897,L1,93.80694427909779,5.581691408157348,0.0,0.0,0.0
GOV-1829,L1,74.15841690635193,5.3367338180542,0.0,0.0,0.0
TBILL-7649,L1,137.58093662960783,5.572007513046265,0.0,0.0,0.0
GOV-2992,L1,158.41967007154767,5.665429639816284,0.0,0.0,0.0
TBILL-6306,L1,138.97124245265852,5.549396467208862,0.0,0.0,0.0
TBILL-6384,L1,99.02492073673817,5.268940925598145,0.0,0.0,0.0
TBILL-3692,L1,98.89840237688445,5.338719367980957,0.0,0.0,0.0
TBILL-5989,L1,96.71514449970385,5.462773323059082,0.0,3.402459778304238e-17,3.402459778304238e-08
GOV-3728,L1,136.36514047158767,5.6393075466156,0.0,1.927202948736049e-16,1.927202948736049e-07
GOV-4862,L1,98.46600682470405,5.320998191833496,0.0,0.0,0.0
TBILL-4024,L1,98.37593943466109,5.387814521789551,0.0,1.1292051163556976e-18,1.1292051163556977e-09
TBILL-7590,L1,140.51234062260454,5.405133247375489,0.0,0.0,0.0
GOV-6771,L1,93.13204354109327,5.600645112991333,0.0,0.0,0.0
GOV-9354,L1,100.02644315497488,5.099152565002442,0.0,0.0,0.0
GOV-2830,L1,132.6567811734141,5.531763124465942,0.0,0.0,0.0
GOV-5397,L1,96.7552543093588,5.439362525939942,0.0,0.0,0.0
TBILL-7138,L1,94.32535790951137,4.821530342102051,0.0,0.0,0.0
GOV-5377,L1,120.59377428326816,4.943692207336426,0.0,0.0,0.0
TBILL-9484,L1,83.95207631802712,5.657204961776734,0.0,0.0,0.0
TBILL-508,L1,101.3336778195728,4.660740852355957,0.0,0.0,0.0
GOV-339,L1,55.89775106440535,5.718009805679322,0.0,0.007708420120371547,7708420.120371547
TBILL-6291,L1,94.23313327195716,5.580985975265502,0.0,0.0,0.0
TBILL-9330,L1,82.02578704987941,5.2128210067749015,0.0,0.0,0.0
GOV-7009,L1,76.08059498800368,5.6584112644195566,0.0,0.0,0.0
TBILL-9847,L1,97.53695893836824,4.041390466690063,0.0,0.0,0.0
GOV-389,L1,93.34816498432953,5.582579088211059,0.0,0.0,0.0
TBILL-680,L1,84.87465933621846,5.320115089416504,0.0,0.0,0.0
TBILL-8855,L1,95.82081206034778,5.491131782531737,0.0,4.174494158961753e-17,4.174494158961753e-08
TBILL-9382,L1,100.35302893661178,5.129561424255371,0.0,0.0,0.0
TBILL-5868,L1,121.7815517336217,5.4662580490112305,0.0,0.0,0.0
TBILL-4650,L1,152.0092605556311,5.658026933670045,0.0,2.3747128988168974e-17,2.3747128988168974e-08
GOV-4914,L1,155.78628905590264,5.645562219619752,0.0,0.0,0.0
TBILL-8193,L1,72.58210337004158,5.487505912780762,0.0,0.0,0.0
GOV-7054,L1,78.67650193031011,5.47190761566162,0.0,0.0,0.0
TBILL-317,L1,94.12574580021261,5.585144186019897,0.0,1.1632759557460687e-16,1.1632759557460687e-07
TBILL-6540,L1,76.86692415216382,5.638033056259155,0.0,0.0,0.0
GOV-1900,L1,100.90285555041763,5.0651845932006845,0.0,0.0,0.0
GOV-9187,L1,94.7384547163128,5.548374891281129,0.0,0.0,0.0
TBILL-3425,L1,100.82906103475291,4.977177619934083,0.0,0.0,0.0
TBILL-9990,L1,99.29166448390428,5.302552223205568,0.0,0.0,0.0
GOV-8153,L1,94.7662027748394,5.553937768936157,0.0,0.0,0.0
GOV-6195,L1,101.62253987678082,4.941168785095215,0.0,5.56598325309542e-17,5.565983253095421e-08
GOV-5710,L1,145.12159810057767,5.65878939628601,0.0,6.292040593277105e-17,6.292040593277105e-08
GOV-8505,L1,98.05805847686858,5.31378271053759,0.0,0.0,0.0
TBILL-347,L1,40.4119344714069,5.755133783531425,0.0,0.018859286545769294,18859286.545769293
TBILL-1531,L1,97.1161405786704,5.466444969177247,0.0,0.0,0.0
GOV-7061,L1,95.70478672460047,5.519879865646361,0.0,0.0,0.0
TBILL-2200,L1,124.91471424491631,5.08011531829834,0.0,0.0,0.0
GOV-6845,L1,97.58023894973053,5.461365699768066,0.0,5.44329146659053e-18,5.44329146659053e-09
GOV-527,L1,65.04366494492182,5.589183378219604,0.0,0.0,0.0
TBILL-8416,L1,113.97613490122458,5.422177314758302,0.0,0.0,0.0
TBILL-4303,L1,101.63438752324741,4.8730440064467135,0.0,0.0,0.0
GOV-4262,L1,95.06678051707748,4.670199394226074,0.0,2.78001360224357e-17,2.78001360224357e-08
TBILL-8247,L1,74.1415332920675,5.713027143478393,0.0,0.005123846981736864,5123846.981736864
GOV-4964,L1,111.93516623348917,4.800856590270997,0.0,0.0,0.0
GOV-7335,L1,55.649639491865955,5.69930901527405,0.0,0.003987455609691168,3987455.609691168
GOV-6303,L1,93.3073598455246,5.600389820414049,0.0,0.0,0.0
GOV-6144,L1,101.4366167118658,4.989384651184083,0.0,0.0,0.0
GOV-1461,L1,101.56109743016773,4.897027015686035,0.0,1.1212851019987292e-17,1.1212851019987292e-08
GOV-3836,L1,98.52564169678384,5.378584861755371,0.0,0.0,0.0
TBILL-6020,L1,93.01043112365626,5.621076631546021,0.0,0.0,0.0
TBILL-267,L1,58.886062247358026,5.743200826644898,0.0,0.011876229316937641,11876229.316937642
GOV-497,L1,56.40635349472686,5.740005922317505,0.0,0.011866797313791316,11866797.313791316
GOV-4474,L1,96.273529733622,4.585654258728027,0.0,0.0,0.0
GOV-723,L1,95.53968255252963,5.4920759201049805,0.0,0.0,0.0
TBILL-1275,L1,112.54390036169521,5.320250511169434,0.0,0.0,0.0
TBILL-9098,L1,94.84546380795135,5.5328107357025145,0.0,0.0,0.0
TBILL-8185,L1,101.49006355284861,2.565972800254824,0.0,0.0,0.0
TBILL-6754,L1,30.384162286941507,5.783365869522095,0.0,0.02811713547737859,28117135.47737859
TBILL-377,L1,121.50725416014177,5.669681386612957,0.0,0.0,0.0
TBILL-6741,L1,93.52897078476812,5.582223272323608,0.0,0.0,0.0
GOV-9279,L1,93.92789000706979,5.579407739639282,0.0,0.0,0.0
TBILL-266,L1,102.04474255289469,4.843047142028809,0.0,0.0,0.0
TBILL-6247,L1,92.73811557206709,5.355385780334473,0.0,0.0,0.0
TBILL-1171,L1,96.97924590623045,4.709513664245605,0.0,0.0,0.0
GOV-7331,L1,95.99471211853992,5.503408193588257,0.0,0.0,0.0
GOV-4765,L1,62.103260779252416,5.727543687820436,0.0,0.00858138153991205,8581381.53991205
GOV-9870,L1,100.84099080254154,4.055535078048707,0.0,0.0,0.0
TBILL-5930,L1,101.50854289989513,5.011212348937988,0.0,0.0,0.0
GOV-9642,L1,94.1872096525691,5.5701416492462155,0.0,0.0,0.0
GOV-9029,L1,48.046618070938536,5.749838590621949,0.0,0.01562047580773029,15620475.807730291
GOV-7385,L1,100.30039739241039,5.2577409744262695,0.0,2.256659351922153e-17,2.256659351922153e-08
TBILL-6908,L1,103.90702714485185,4.7110509872436515,0.0,0.0,0.0
GOV-146,L1,53.23964866914913,5.674597787857056,0.0,7.81818598593137e-05,78181.8598593137
GOV-1986,L1,98.53850374830425,5.285956382751466,0.0,0.0,0.0
GOV-7687,L1,100.81332305301052,4.57520580291748,0.0,0.0,0.0
TBILL-3318,L1,80.83931950901167,5.6011633396148675,0.0,0.0,0.0
GOV-3291,L1,101.23878411520103,2.85030254840851,0.0,8.411188596867518e-18,8.411188596867517e-09
TBILL-8023,L1,93.39938386600684,5.607853174209594,0.0,0.0,0.0
TBILL-1896,L1,100.90154203681577,5.043854713439942,0.0,2.5019598067120745e-17,2.5019598067120746e-08
TBILL-9034,L1,97.76004441430636,5.366088305920702,0.0,0.0,0.0
TBILL-1538,L1,116.72852138258312,5.553532616881424,0.0,0.0,0.0
TBILL-9234,L1,78.5326024326879,5.5044024944305425,0.0,2.1693132208284024e-17,2.1693132208284022e-08
TBILL-4276,L1,101.0779433623395,4.5673820599039585,0.0,0.0,0.0
TBILL-312,L1,95.0030689144159,5.522069311141968,0.0,0.0,0.0
TBILL-5745,L1,94.68851514445632,5.569242730415634,0.0,0.0,0.0
GOV-822,L1,100.94957204494,5.084881782531737,0.0,0.0,0.0
TBILL-2379,L1,95.55324281989024,5.098504066467286,0.0,0.0,0.0
GOV-2056,L1,94.56212643517078,5.545953607559205,0.0,0.0,0.0
GOV-836,L1,86.67438747596185,4.924841880798341,0.0,0.0,0.0
TBILL-8579,L1,97.28343461863906,5.449049949645996,0.0,0.0,0.0
TBILL-6121,L1,78.94616295400046,5.7121419429779055,0.0,0.0048038389309040625,4803838.930904062
TBILL-1145,L1,54.47211770350291,5.720909643173218,0.0,0.008569437752501432,8569437.752501432
GOV-5181,L1,88.99792454045846,5.706473684310913,0.0,0.0036067204625246617,3606720.462524662
GOV-9671,L1,95.58149965006955,5.192244511598059,0.0,0.0,0.0
GOV-6049,L1,96.29586182289583,5.498230934143066,0.0,0.0,0.0
GOV-6236,L1,70.78060531584856,5.413748741149903,0.0,0.0,0.0
TBILL-1454,L1,94.76198738752157,5.569129991531373,0.0,0.0,0.0
TBILL-7048,L1,92.47922491904708,5.6655077457428,0.0,0.0,0.0
TBILL-4459,L1,96.9018872986436,5.4674272537231445,0.0,0.0,0.0
TBILL-4554,L1,93.11583322175515,5.60958514213562,0.0,0.0,0.0
TBILL-2805,L1,99.7681617475614,5.182696342468263,0.0,0.0,0.0
TBILL-712,L1,101.14395753660216,4.664822578430176,0.0,0.0,0.0
TBILL-2,L1,93.01867509655415,5.609631013870239,0.0,6.522820888486162e-17,6.522820888486162e-08
GOV-2602,L1,100.85407047617771,4.910017967224121,0.0,1.368646876751956e-17,1.368646876751956e-08
TBILL-1111,L1,96.55192636646974,5.4930925369262695,0.0,0.0,0.0
TBILL-8112,L1,131.97123713235743,5.432581901550295,0.0,0.0,0.0
TBILL-4856,L1,131.91695005506486,5.591012048721312,0.0,0.0,0.0
GOV-1408,L1,94.13359084141288,5.59788041114807,0.0,0.0,0.0
TBILL-6954,L1,99.97923705062539,2.42370719432831,0.0,0.0,0.0
TBILL-5169,L1,122.19688384525949,5.403904914855957,0.0,0.0,0.0
TBILL-8762,L1,148.3429403927557,5.64096884727478,0.0,5.362094667666683e-17,5.3620946676666825e-08
TBILL-4276,L1,99.2798009329663,5.278712272644044,0.0,0.0,0.0
TBILL-3390,L1,98.39545218254952,5.3107290267944345,0.0,0.0,0.0
TBILL-1569,L1,96.44720823929084,5.4934186935424805,0.0,0.0,0.0
TBILL-2751,L1,101.25460508120331,4.99251651763916,0.0,0.0,0.0
GOV-1978,L1,66.85180005358579,5.64787564277649,0.0,0.0,0.0
TBILL-5074,L1,96.85949209036039,5.450934410095216,0.0,0.0,0.0
GOV-7154,L1,147.5558358424088,5.649318735829202,0.0,0.0,0.0
TBILL-1919,L1,94.7704046577823,5.533035135269166,0.0,0.0,0.0
GOV-2180,L1,95.22361703225724,5.528372638842438,0.0,0.0,0.0
TBILL-980,L1,111.8649165924811,5.027628898620605,0.0,0.0,0.0
GOV-8053,L1,24.027543115900208,5.825846629298677,0.0,0.03932065047112212,39320650.471122116
TBILL-5127,L1,103.98952071868561,4.961552619934083,0.0,0.0,0.0
TBILL-950,L1,101.9972199814563,4.772065162658691,0.0,2.3245790676102732e-17,2.3245790676102732e-08
GOV-9870,L1,97.65190250211543,5.4350271224975595,0.0,0.0,0.0
GOV-3679,L1,92.98393438486131,5.6039714336395265,0.0,0.0,0.0
GOV-2733,L1,133.15045260836916,5.420386314392091,0.0,0.0,0.0
GOV-3847,L1,100.72119120131984,4.934626579284668,0.0,2.0212718970946227e-17,2.0212718970946227e-08
TBILL-2732,L1,93.26508011916245,5.590232229232788,0.0,0.0,0.0
GOV-74,L1,102.28826552611159,1.5127038586139705,0.0,0.0,0.0
GOV-9595,L1,89.52505260319943,5.462248802185059,0.0,0.0,0.0
TBILL-749,L1,124.70518949360977,5.57491602897644,0.0,5.049024431982822e-18,5.049024431982822e-09
TBILL-1076,L1,100.93498866386753,4.792860984802246,0.0,0.0,0.0
GOV-896,L1,147.1477868815288,5.4815587997436515,0.0,1.3181944719853052e-17,1.3181944719853052e-08
GOV-8305,L1,92.59475634138994,5.614003705978393,0.0,0.0,0.0
GOV-2288,L1,115.58241278143387,4.861382484436035,0.0,0.0,0.0
GOV-5785,L1,115.68297154120619,5.622092008590697,0.0,0.0,0.0
TBILL-1383,L1,94.24790138843477,5.565332555770874,0.0,0.0,0.0
TBILL-6355,L1,152.47740053326902,5.648082887398587,0.0,0.0,0.0
TBILL-6466,L1,101.51151814646794,2.2482484292984037,0.0,1.3068399013319113e-17,1.3068399013319113e-08
GOV-7628,L1,58.539911897990656,5.633807897567748,0.0,0.0,0.0
GOV-5120,L1,145.57702545462894,5.518098306655885,0.0,0.0,0.0
TBILL-5266,L1,86.48054922923671,5.097739219665528,0.0,0.0,0.0
GOV-9334,L1,101.46977812281308,4.657904624938966,0.0,7.532959278361104e-18,7.532959278361105e-09
TBILL-3019,L1,129.31014343309084,5.572658395767213,0.0,0.0,0.0
TBILL-3817,L1,127.67470105167486,5.630312967300415,0.0,1.364398984479773e-16,1.364398984479773e-07
GOV-586,L1,88.95236311168065,5.0125226974487305,0.0,4.5671799490487814e-17,4.5671799490487814e-08
TBILL-4731,L1,96.1017222046747,5.47078800201416,0.0,0.0,0.0
TBILL-4076,L1,101.28991662793037,4.737370491027833,0.0,0.0,0.0
TBILL-9300,L1,86.60821283013534,5.682921648025513,0.0,0.00030011412010025015,300114.1201002501
GOV-9998,L1,100.22696754079871,5.114256978260508,0.0,0.0,0.0
TBILL-7605,L1,96.30955970601265,5.502443647384643,0.0,0.0,0.0
GOV-768,L1,93.91871481925867,5.577307558059692,0.0,0.0,0.0
TBILL-4961,L1,155.34537044142013,5.6192888736724855,0.0,0.0,0.0
GOV-967,L1,101.76975324098106,4.60893726348877,0.0,4.185935828021049e-18,4.185935828021049e-09
TBILL-7535,L1,56.09925848794809,5.703502063500343,0.0,0.004627505758168515,4627505.758168515
TBILL-661,L1,97.1088403031814,5.395678520202636,0.0,0.0,0.0
TBILL-5835,L1,94.27807822251911,5.549598550796508,0.0,0.0,0.0
TBILL-635,L1,93.44299113871838,5.60781226158142,0.0,0.0,0.0
TBILL-6360,L1,99.14332145549068,5.315373420715333,0.0,0.0,0.0
TBILL-7338,L1,93.48559899571391,5.500903844833374,0.0,0.0,0.0
TBILL-5002,L1,54.33919380078892,5.691366050674186,0.0,0.0027451261236203007,2745126.1236203006
GOV-1981,L1,100.64780826813893,4.913851737976075,0.0,0.0,0.0
TBILL-674,L1,105.03667052884919,5.620105886459351,0.0,0.0,0.0
TBILL-249,L1,106.09238342421915,5.619136381149291,0.0,0.0,0.0
GOV-3633,L1,132.4319626643663,5.6367139339447005,0.0,0.0,0.0
GOV-2691,L1,93.2969852361073,5.6019865512847895,0.0,0.0,0.0
GOV-7056,L1,94.43597513875811,5.5827799320220945,0.0,0.0,0.0
TBILL-5609,L1,95.71966870526049,5.519837713241577,0.0,4.205559593353947e-17,4.205559593353947e-08
GOV-9670,L1,109.42462103368632,4.719239234924317,0.0,0.0,0.0
GOV-6909,L1,101.79207693802282,4.627995491027832,0.0,0.0,0.0
GOV-3867,L1,87.4028043086561,5.652219385875286,0.0,0.0,0.0
GOV-8434,L1,93.63064962643867,5.611876249313354,0.0,0.0,0.0
GOV-72,L1,101.71412436183803,4.777667045593262,0.0,0.0,0.0
TBILL-7713,L1,83.87622125677888,5.060261726379396,0.0,0.0,0.0
GOV-7722,L1,67.80049253835872,5.292243003845216,0.0,0.0,0.0
GOV-7163,L1,98.9640820280585,5.257616996765137,0.0,0.0,0.0
TBILL-2528,L1,96.21055545338612,5.454028129577636,0.0,0.0,0.0
GOV-1534,L1,95.83760174826868,5.476904869079589,0.0,0.0,0.0
TBILL-896,L1,106.00117195989692,5.506376218795777,0.0,0.0,0.0
TBILL-3120,L1,70.30085119022316,5.646126317977905,0.0,0.0,0.0
TBILL-7134,L1,86.25672988376097,5.415671348571779,0.0,0.0,0.0
TBILL-1464,L1,93.65601268702875,5.587780262862864,0.0,0.0,0.0
GOV-6985,L1,111.09568753861747,5.23964023590088,0.0,0.0,0.0
TBILL-2188,L1,102.16061312065558,3.173313326835634,0.0,0.0,0.0
TBILL-1981,L1,147.05576176854618,5.53259997367859,0.0,0.0,0.0
GOV-1729,L1,99.88922380005089,5.166462898254395,0.0,0.0,0.0
TBILL-3792,L1,110.63174104400964,4.6667470932006845,0.0,0.0,0.0
TBILL-2936,L1,93.89336865264357,5.575238370895386,0.0,0.0,0.0
TBILL-9746,L1,99.54113363388669,5.212790489196777,0.0,0.0,0.0
GOV-6286,L1,98.44859179131339,5.351965904235841,0.0,1.1652429226054252e-17,1.1652429226054252e-08
GOV-1338,L1,101.10445575921824,4.836745262145996,0.0,0.0,0.0
TBILL-2174,L1,99.41090091160008,5.289511680603028,0.0,0.0,0.0
GOV-309,L1,102.01590486413154,4.843523979187012,0.0,0.0,0.0
TBILL-7400,L1,96.89052556703263,5.444830894470216,0.0,0.0,0.0
GOV-3101,L1,95.99615213469927,5.494946479797363,0.0,0.0,0.0
TBILL-2390,L1,96.44720823929084,5.4934186935424805,0.0,0.0,0.0
TBILL-2329,L1,99.45605710212884,4.725041389465333,0.0,8.411360346941263e-18,8.411360346941263e-09
GOV-8215,L1,137.8379562746218,5.367978096008301,0.0,0.0,0.0
GOV-8546,L1,100.72086360500805,5.124940192064934,0.0,0.0,0.0
GOV-6663,L1,97.16307456311466,5.449566841125489,0.0,0.0,0.0
GOV-3140,L1,107.99242612550495,4.964850425720215,0.0,0.0,0.0
TBILL-695,L1,93.44316993581873,5.580380964279173,0.0,0.0,0.0
TBILL-7446,L1,29.833392617679817,5.793429136276244,0.0,0.030295108406475178,30295108.40647518
GOV-6565,L1,47.8160263960001,5.697490262985229,0.0,0.004560592859634763,4560592.859634764
TBILL-2111,L1,109.83501509882107,5.335843086242676,0.0,0.0,0.0
GOV-3608,L1,95.34485142140764,5.552804613113405,0.0,0.0,0.0
TBILL-7316,L1,92.86491504934907,5.611267518997192,0.0,0.0,0.0
TBILL-3936,L1,99.81357477335213,5.236533164978028,0.0,0.0,0.0
GOV-7512,L1,129.09738570108732,5.220360755920411,0.0,0.0,0.0
GOV-9657,L1,119.84771748762715,5.661312341690064,0.0,0.0,0.0
GOV-2420,L1,94.00739792586869,5.563422060012818,0.0,0.0,0.0
TBILL-2309,L1,102.01024779052076,4.6730031967163095,0.0,0.0,0.0
TBILL-3986,L1,114.78775622502845,5.678091478347779,0.0,0.00011054111419088027,110541.11419088027
TBILL-7193,L1,97.49837426371109,5.435694694519045,0.0,0.0,0.0
GOV-7384,L1,96.59715449776297,5.492915153503418,0.0,0.0,0.0
TBILL-4028,L1,96.67637135108468,5.488091468811034,0.0,7.613000205519033e-18,7.613000205519034e-09
GOV-9348,L1,94.18672049874952,5.574679231643677,0.0,0.0,0.0
TBILL-3984,L1,93.01082058806882,5.619903802871705,0.0,0.0,0.0
TBILL-5746,L1,94.12574580021263,5.585144186019897,0.0,0.0,0.0
GOV-882,L1,101.74240729624904,4.93898868560791,0.0,0.0,0.0
TBILL-9877,L1,94.09832243309374,5.592675828933716,0.0,0.0,0.0
TBILL-9860,L1,93.61282907462451,5.585941362380982,0.0,0.0,0.0
TBILL-745,L1,102.6106926732198,3.172370476722719,0.0,0.0,0.0
GOV-7957,L1,95.15728540789242,5.510345995303793,0.0,3.519971487490751e-17,3.519971487490751e-08
GOV-8103,L1,97.6371787838808,5.375790596008301,0.0,4.247332167924062e-17,4.2473321679240616e-08
GOV-7503,L1,88.10304897213796,4.886366844177246,0.0,5.947607952680845e-18,5.947607952680845e-09
TBILL-8062,L1,95.4044791228576,5.534530305862427,0.0,0.0,0.0
TBILL-9372,L1,97.79154136502623,5.34740161895752,0.0,0.0,0.0
GOV-8019,L1,120.49518384870618,5.578505182266236,0.0,0.0,0.0
GOV-1427,L1,100.88530864367169,5.105132102966309,0.0,1.2179991004934355e-17,1.2179991004934355e-08
TBILL-6018,L1,120.9995045594174,5.643312025070189,0.0,0.0,0.0
GOV-3272,L1,67.05256188877176,5.695589685440064,0.0,0.002750762956725022,2750762.956725022
GOV-4252,L1,60.95864990564653,5.71218285560608,0.0,0.005773142143886696,5773142.143886697
TBILL-3617,L1,100.19762262796912,5.07674503326416,0.0,0.0,0.0
TBILL-6407,L1,94.53770898289692,5.540060949325562,0.0,0.0,0.0
GOV-6004,L1,102.15506291940112,5.640449380874633,0.0,0.0,0.0
TBILL-3603,L1,88.25085770866576,5.3728666305542,0.0,0.0,0.0
TBILL-5340,L1,93.94560597267466,5.561092343145395,0.0,0.0,0.0
GOV-5369,L1,142.07993896677328,5.629824495315552,0.0,0.0,0.0
TBILL-3001,L1,145.4474369422469,5.595183897018432,0.0,0.0,0.0
GOV-5902,L1,97.39272096956525,5.436184883117677,0.0,0.0,0.0
GOV-6402,L1,125.34596822671274,5.355893135070803,0.0,0.0,0.0
TBILL-6449,L1,97.74732759877384,5.406903266906739,0.0,0.0,0.0
GOV-1265,L1,135.956754335405,5.540737867355346,0.0,0.0,0.0
TBILL-176,L1,126.84534012184663,5.612922620773316,0.0,0.0,0.0
GOV-9189,L1,76.68497326814766,5.458611488342286,0.0,0.0,0.0
GOV-1542,L1,95.8834103144188,5.476706504821777,0.0,0.0,0.0
TBILL-8271,L1,100.16835457657871,5.219931602478027,0.0,1.0771279564922495e-17,1.0771279564922495e-08
TBILL-3812,L1,101.21522039327529,3.8430237293243423,0.0,0.0,0.0
TBILL-2175,L1,101.01285704612269,5.3819761276245135,0.0,0.0,0.0
TBILL-4841,L1,99.8484682770075,5.119248390197754,0.0,4.453921983851431e-17,4.453921983851431e-08
TBILL-9731,L1,91.87727999610478,4.953616142272948,0.0,0.0,0.0
TBILL-3743,L1,90.61183482564961,5.4745588302612305,0.0,0.0,0.0
TBILL-4464,L1,99.2908457551976,5.241703987121584,0.0,0.0,0.0
GOV-8973,L1,94.98944332456703,5.553469345660524,0.0,0.0,0.0
GOV-7044,L1,82.90692220564665,5.011862754821778,0.0,0.0,0.0
TBILL-9441,L1,98.49320215938812,5.658448457717896,0.0,0.0,0.0
TBILL-4375,L1,101.67536957770454,4.252877971606382,0.0,0.0,0.0
GOV-5535,L1,94.65444134109298,4.922661781311035,0.0,0.0,0.0
GOV-1155,L1,96.43229098803548,5.479372978210449,0.0,0.0,0.0
TBILL-9789,L1,95.6077946248189,5.500546789169312,0.0,3.550245608191931e-17,3.550245608191931e-08
TBILL-351,L1,132.6478955217512,5.6258584499359126,0.0,0.0,0.0
GOV-8183,L1,97.02989713755728,4.956479072570801,0.0,1.7489168913328193e-18,1.7489168913328194e-09
GOV-3549,L1,96.08690626507192,5.470854759216308,0.0,0.0,0.0
TBILL-4767,L1,105.54514039502583,4.994071006774902,0.0,0.0,0.0
TBILL-8945,L1,97.79612425635364,5.391188621520996,0.0,0.0,0.0
TBILL-2528,L1,92.44898968185163,5.616904783248901,0.0,0.0,0.0
GOV-1433,L1,131.5124558509279,5.533082246780396,0.0,0.0,0.0
GOV-2267,L1,100.19721918030817,5.279540061950684,0.0,0.0,0.0
TBILL-5399,L1,93.25284909523124,5.60800814628601,0.0,0.0,0.0
GOV-5667,L1,69.35265185033326,5.611592340469359,0.0,0.0,0.0
TBILL-5550,L1,105.09672211351592,4.804560661315918,0.0,0.0,0.0
GOV-8576,L1,94.85944587169334,5.550819730758666,0.0,0.0,0.0
TBILL-7354,L1,101.5657703530419,4.550665855407714,0.0,0.0,0.0
GOV-4706,L1,101.09031469612245,2.5824170732498186,0.0,5.1619886841469606e-17,5.161988684146961e-08
TBILL-171,L1,93.0265116246697,5.603908205032349,0.0,0.0,0.0
GOV-4251,L1,114.11860634718687,5.497921943664551,0.0,0.0,0.0
GOV-7232,L1,100.31746447711016,5.161398193650972,0.0,0.0,0.0
GOV-4085,L1,100.85845249238152,4.841513633728027,0.0,0.0,0.0
TBILL-4077,L1,101.99020095191206,4.613446235656739,0.0,3.8327218179672714e-17,3.8327218179672714e-08
GOV-1497,L1,117.8611842978108,5.232699394226075,0.0,0.0,0.0
GOV-6136,L1,94.16232200428018,5.555331277847291,0.0,0.0,0.0
GOV-5913,L1,97.44903476224668,5.4158620834350595,0.0,0.0,0.0
TBILL-3396,L1,125.8012028634319,5.640096044540405,0.0,0.0,0.0
GOV-6877,L1,119.99919563257778,5.563728284835816,0.0,2.0978153872000384e-17,2.0978153872000385e-08
GOV-9472,L1,60.06465626577721,5.619430825780526,0.0,0.0,0.0
GOV-9374,L1,96.53244493460389,5.483819007873535,0.0,0.0,0.0
GOV-6437,L1,91.77985040823295,4.845568656921387,0.0,0.0,0.0
TBILL-6171,L1,99.77072347711476,5.223816871643067,0.0,0.0,0.0
TBILL-929,L1,120.87366985154962,5.638832712173462,0.0,3.5258321424291236e-17,3.5258321424291234e-08
TBILL-4854,L1,101.39305064178859,4.854687690734864,0.0,1.2369960445185658e-17,1.2369960445185657e-08
TBILL-3811,L1,114.54780388304661,5.405362129211427,0.0,0.0,0.0
GOV-4641,L1,58.18854203513746,5.666642141342164,0.0,0.0,0.0
TBILL-7177,L1,96.57143016614066,5.488425254821778,0.0,0.0,0.0
GOV-665,L1,94.11787342966032,5.597891569137572,0.0,0.0,0.0
TBILL-6372,L1,25.587155408615885,5.822358083724975,0.0,0.03763277258543099,37632772.58543099
TBILL-8963,L1,101.79973740638444,4.7761144638061515,0.0,2.5080189041620117e-17,2.5080189041620116e-08
TBILL-3976,L1,113.76539169556816,4.9329023361206055,0.0,0.0,0.0
GOV-9579,L1,83.74655930823472,5.309916496276855,0.0,3.8054133245673524e-17,3.8054133245673526e-08
TBILL-4540,L1,92.91946843842385,5.60256552696228,0.0,7.865081776149818e-19,7.865081776149817e-10
TBILL-6946,L1,60.09651466573588,5.679816007614136,0.0,0.000539360915704152,539360.915704152
TBILL-9091,L1,97.86736697321756,5.374167442321779,0.0,0.0,0.0
GOV-927,L1,112.83299684663677,4.838665962219238,0.0,0.0,0.0
TBILL-8615,L1,112.04888990418316,4.789219290630516,0.0,1.6563579471787882e-18,1.6563579471787883e-09
TBILL-794,L1,42.42286907114808,5.763561677932739,0.0,0.019832221873492165,19832221.873492166
GOV-2921,L1,125.82490523450306,5.615032720565795,0.0,0.0,0.0
GOV-708,L1,97.23911613614285,5.524677801132202,0.0,0.0,0.0
GOV-6615,L1,95.56279231957213,5.537427663803101,0.0,0.0,0.0
GOV-16,L1,96.68497785205734,5.462906837463379,0.0,0.0,0.0
TBILL-3071,L1,92.7616593525918,5.006293296813965,0.0,0.0,0.0
TBILL-2271,L1,74.61518510681292,5.418911755375974,0.0,0.0,0.0
TBILL-9391,L1,98.23516233376579,5.380333900451661,0.0,0.0,0.0
GOV-509,L1,98.92366164209712,5.245522499084473,0.0,3.7504174677643035e-17,3.750417467764303e-08
GOV-1561,L1,93.29347404215984,5.613449525833129,0.0,0.0,0.0
GOV-6822,L1,98.8765649287113,5.246005058288574,0.0,0.0,0.0
TBILL-357,L1,94.07944075816049,5.577010011672974,0.0,0.0,0.0
TBILL-8299,L1,96.68210742932831,5.487921714782714,0.0,0.0,0.0
GOV-1532,L1,91.28971584336327,5.165131568908693,0.0,0.0,0.0
TBILL-798,L1,39.159414927307566,5.741877985000611,0.0,0.01636896824097478,16368968.24097478
GOV-7199,L1,96.50599910391115,5.497563362121582,0.0,0.0,0.0
GOV-2599,L1,94.72595901271413,5.533167791366576,0.0,0.0,0.0
GOV-2359,L1,128.73007707369987,5.150525093078614,0.0,0.0,0.0
GOV-1640,L1,93.81560166730765,5.587519598007201,0.0,0.0,0.0
TBILL-1138,L1,93.10457928374385,5.595844697952271,0.0,0.0,0.0
GOV-3270,L1,101.18074278548933,4.926314353942871,0.0,0.0,0.0
GOV-7435,L1,97.94280207265379,5.3736371994018555,0.0,0.0,0.0
TBILL-9720,L1,96.3932883602847,5.4531259336520135,0.0,0.0,0.0
GOV-4243,L1,98.82899614026618,5.258732795715332,0.0,0.0,0.0
GOV-8028,L1,110.44680903940994,5.678881130307671,0.0,0.00014114676648078014,141146.76648078015
TBILL-6278,L1,95.41854195939727,5.5498514652252195,0.0,0.0,0.0
TBILL-5879,L1,96.85273185194194,5.425984382629396,0.0,0.0,0.0
TBILL-3860,L1,92.77933667902707,5.604291296005249,0.0,0.0,0.0
GOV-5750,L1,99.12119277968213,5.326510429382324,0.0,0.0,0.0
GOV-8635,L1,92.58258550607393,5.614255494853755,0.0,0.0,0.0
GOV-2675,L1,93.06943387895781,5.599162340164185,0.0,0.0,0.0
TBILL-2976,L1,52.07361366412867,5.600752973556518,0.0,0.0,0.0
TBILL-5695,L1,101.44835556716333,4.921410560607911,0.0,1.3023517713147582e-17,1.3023517713147582e-08
TBILL-4561,L1,96.7642549074924,5.467957496643067,0.0,0.0,0.0
TBILL-7916,L1,80.66187235414594,5.429551124572755,0.0,0.0,0.0
GOV-8331,L1,94.17213001401504,5.574705266952513,0.0,0.0,0.0
TBILL-2662,L1,147.49566695147314,5.558587586436732,0.0,0.0,0.0
TBILL-8824,L1,93.43465722365578,5.614669466018676,0.0,0.0,0.0
TBILL-6720,L1,103.82050263709664,4.772860527038574,0.0,0.0,0.0
GOV-8617,L1,76.55006844547253,5.38710117340088,0.0,0.0,0.0
TBILL-6994,L1,105.52804391579271,4.28386597633362,0.0,3.20301696819354e-17,3.20301696819354e-08
TBILL-7643,L1,96.18254675748122,5.518682121583432,0.0,0.0,0.0
GOV-5024,L1,116.84486719911223,4.833189964294433,0.0,0.0,0.0
TBILL-3444,L1,101.83485240142787,3.4314495706558237,0.0,0.0,0.0
GOV-7652,L1,119.49581121960452,5.264016151428223,0.0,0.0,0.0
TBILL-949,L1,73.29367860811097,5.605502557754516,0.0,0.0,0.0
GOV-4255,L1,96.79962955855773,5.451218605041505,0.0,5.659195987096222e-17,5.6591959870962215e-08
TBILL-8232,L1,101.43632245546803,4.853890419006348,0.0,0.0,0.0
GOV-4231,L1,95.72719226410278,5.500110387802123,0.0,0.0,0.0
GOV-5317,L1,88.02535953709021,5.589630937576294,0.0,2.5640604790920284e-18,2.5640604790920282e-09
GOV-6309,L1,38.81846373939312,5.768569135665892,0.0,0.02182354469487292,21823544.69487292
GOV-2873,L1,101.31365567338067,4.878518104553222,0.0,0.0,0.0
TBILL-6250,L1,88.5273443499276,5.345952033996583,0.0,0.0,0.0
GOV-13,L1,94.33051705905977,5.572076940536499,0.0,0.0,0.0
TBILL-9567,L1,93.3668015816191,5.582544374465942,0.0,0.0,0.0
TBILL-3949,L1,83.44103154824298,5.546578454971314,0.0,0.0,0.0
GOV-7349,L1,64.4807651484495,5.579053029465008,0.0,0.0,0.0
TBILL-5520,L1,106.93869388145094,3.925533342361451,0.0,2.3472232246145377e-18,2.347223224614538e-09
TBILL-1367,L1,97.98878143646708,5.373318672180177,0.0,0.0,0.0
GOV-5720,L1,94.21459049983088,5.562938547134399,0.0,3.108452853152689e-18,3.108452853152689e-09
Corp-657,L2A,112.3726953394804,5.538225282040645,0.0,0.0,0.0
GovBond-3398,L2A,83.70331799369022,5.340422630310059,0.0,0.0,0.0
GovBond-3722,L2A,112.18270069424455,5.680449533462525,0.0,0.00020116924420110488,201169.24420110488
GovBond-3792,L2A,111.48529037434379,5.393857002258301,0.0,0.0,0.0
Corp-730,L2A,105.77349575501852,5.632673501968383,0.0,0.0,0.0
Corp-9420,L2A,103.48472666873555,4.629143714904785,0.0,0.0,0.0
Corp-4295,L2A,106.67858735316638,4.664788246154785,0.0,0.0,0.0
GovBond-8098,L2A,106.3446347138893,5.029011726379395,0.0,0.0,0.0
GovBond-901,L2A,110.70681688447951,5.613988828659057,0.0,0.0,0.0
Corp-2645,L2A,49.96831894742729,5.757774400711059,0.0,0.01642088003098894,16420880.03098894
GovBond-6842,L2A,103.55374271519646,5.686111593246461,0.0,0.0004455201830053159,445520.1830053159
GovBond-3686,L2A,70.74983920424769,5.7063955783844005,0.0,0.004277484997532104,4277484.997532103
GovBond-5556,L2A,103.95041859471898,4.627594947814942,0.0,2.746323085046283e-17,2.7463230850462828e-08
Corp-1531,L2A,72.10941597805771,5.549855184555054,0.0,0.0,0.0
GovBond-1977,L2A,101.4622064455466,1.0079521934986142,0.0,6.252354467786806e-17,6.252354467786806e-08
GovBond-1747,L2A,60.47813598978268,5.730690032190747,0.0,0.009391122272062973,9391122.272062972
GovBond-615,L2A,106.40936576677603,4.613192558288573,0.0,1.0489579318877054e-17,1.0489579318877054e-08
Corp-7147,L2A,80.40747687001935,5.598199033737182,0.0,0.0,0.0
GovBond-7523,L2A,98.84373442265851,4.994158883322973,0.0,0.0,0.0
GovBond-4086,L2A,85.72231953963907,5.212090492248535,0.0,0.0,0.0
GovBond-8091,L2A,107.28498698757694,5.065554618835449,0.0,0.0,0.0
GovBond-8721,L2A,133.55031565194457,5.669114255905153,0.0,0.0,0.0
Corp-9815,L2A,93.14629292136823,5.566160726547242,0.0,0.0,0.0
GovBond-2040,L2A,57.672528469298584,5.694480085372924,0.0,0.0031085095300579417,3108509.5300579416
Corp-4195,L2A,107.59372986368345,5.10080623626709,0.0,0.0,0.0
GovBond-6826,L2A,101.51207518743293,0.9408505985736875,0.0,1.8325451975977175e-17,1.8325451975977175e-08
GovBond-2090,L2A,52.02762767678846,5.733716535568237,0.0,0.011597348990219102,11597348.990219101
GovBond-625,L2A,80.35624933768689,5.278403282165529,0.0,1.6702288177972132e-18,1.6702288177972131e-09
Corp-1,L2A,63.06570891462217,5.687769174575806,0.0,0.0016897951835581084,1689795.1835581083
Corp-7763,L2A,54.63972322058944,5.7449451923370365,0.0,0.013143447210140425,13143447.210140426
GovBond-4975,L2A,83.40574587624178,5.65608048439026,0.0,0.0,0.0
GovBond-98,L2A,90.19023947471693,5.597191095352174,0.0,0.0,0.0
Corp-875,L2A,101.23477426408355,4.847826957702636,0.0,0.0,0.0
GovBond-4941,L2A,112.70414625467698,5.679411840438843,0.0,0.0001614876653518515,161487.6653518515
GovBond-751,L2A,112.68392972574983,5.396374702453614,0.0,1.614228640436601e-17,1.614228640436601e-08
GovBond-2411,L2A,110.44310538432025,5.549480772018432,0.0,0.0,0.0
GovBond-3995,L2A,66.1226720902095,5.625352621078491,0.0,7.008685307510387e-18,7.008685307510387e-09
GovBond-7267,L2A,121.23842889393508,5.634872865676879,0.0,0.0,0.0
GovBond-8217,L2A,73.28928030889313,5.71102614402771,0.0,0.004876341194278574,4876341.194278575
Corp-993,L2A,120.24883981923817,5.653004598617555,0.0,0.0,0.0
GovBond-8662,L2A,98.46762659142934,4.792645454406738,0.0,0.0,0.0
GovBond-4822,L2A,87.6347806791758,5.619932317733764,0.0,0.0,0.0
Corp-4345,L2A,128.297631584072,5.568973779678345,0.0,0.0,0.0
GovBond-7698,L2A,115.98137169993606,5.122004508972168,0.0,0.0,0.0
GovBond-3057,L2A,94.24707062728405,5.414672325720344,0.0,0.0,0.0
Corp-4043,L2A,96.79671865475763,5.394402503967285,0.0,0.0,0.0
GovBond-8207,L2A,107.02399424892737,5.677630281448367,0.0,9.395545977191686e-05,93955.45977191685
Corp-8252,L2A,106.51624675719695,4.662354135755631,0.0,0.0,0.0
Corp-8272,L2A,108.02743877692204,5.0165014266967765,0.0,4.138868415074421e-17,4.138868415074421e-08
GovBond-7058,L2A,106.46207490474245,5.620162916183472,0.0,0.0,0.0
Corp-4035,L2A,92.40548580970446,5.4789934158325195,0.0,0.0,0.0
GovBond-4024,L2A,108.03543224756038,5.596863794326783,0.0,0.0,0.0
Corp-3589,L2A,99.74225225854157,4.941075325012206,0.0,0.0,0.0
GovBond-520,L2A,64.92348316586671,5.676050806045533,0.0,4.586187356653783e-05,45861.87356653783
GovBond-9771,L2A,97.2539704323525,5.556520223617555,0.0,0.0,0.0
GovBond-7718,L2A,103.49216054169794,5.567626146359343,0.0,6.024027573086733e-18,6.024027573086733e-09
Corp-1541,L2A,99.80189506900541,5.048289299011231,0.0,2.1554830278044687e-17,2.1554830278044688e-08
GovBond-619,L2A,106.65776953332283,5.304236412048341,0.0,0.0,0.0
GovBond-5789,L2A,106.2847243573108,4.914330482482911,0.0,0.0,0.0
Corp-8125,L2A,114.65585929493362,5.660324239730836,0.0,4.060188773212137e-17,4.060188773212137e-08
GovBond-813,L2A,74.39829932111405,5.592820882797242,0.0,0.0,0.0
Corp-3414,L2A,93.71354191093187,5.581986474990844,0.0,0.0,0.0
GovBond-8344,L2A,111.46632636109501,4.815436363220215,0.0,0.0,0.0
GovBond-3945,L2A,127.12927993301722,5.670702409744265,0.0,0.0,0.0
GovBond-8688,L2A,91.68893521782303,5.297072410583497,0.0,0.0,0.0
Corp-1277,L2A,105.13310042713229,4.690545082092285,0.0,0.0,0.0
Emerging-2426,L2B,96.1536241343236,5.412367820739748,0.0,0.0,0.0
Emerging-4937,L2B,95.68707540431792,5.533885622024536,0.0,0.0,0.0
Emerging-4379,L2B,100.32105030699626,5.190913654717652,0.0,0.0,0.0
Foreign-7526,L2B,101.29149441620562,4.93324375152588,0.0,0.0,0.0
Foreign-9292,L2B,100.87877043454914,4.44230570793152,0.0,0.0,0.0
Emerging-7541,L2B,93.25099644052227,5.605110788345337,0.0,0.0,0.0
Emerging-5900,L2B,94.58120275971099,5.576242589950561,0.0,0.0,0.0
Corp-519,L2B,98.37593943466109,5.387814521789551,0.0,0.0,0.0
Foreign-2717,L2B,106.42972374724506,4.868042945861816,0.0,0.0,0.0
Emerging-372,L2B,63.44831019953832,5.737980127334595,0.0,0.010250061367646144,10250061.367646145
Foreign-3397,L2B,121.47733522231437,5.633237600326538,0.0,0.0,0.0
Corp-7948,L2B,94.00087610228873,5.597983312606812,0.0,0.0,0.0
Emerging-4871,L2B,108.30895324180088,4.825428962707519,0.0,0.0,0.0
Emerging-1163,L2B,82.82293078031526,5.699328851699831,0.0,0.0027156407114049663,2715640.711404966
Corp-325,L2B,101.84858652640035,4.608014106750488,0.0,0.0,0.0
Foreign-8153,L2B,118.74953041448687,5.650680017471313,0.0,0.0,0.0
Corp-5516,L2B,92.6191094250557,5.621419752187238,0.0,0.0,0.0
Emerging-6400,L2B,119.73006976451914,5.559806871414184,0.0,0.0,0.0
Foreign-5571,L2B,98.97445048957503,5.316767692565919,0.0,0.0,0.0
