title,summary,link,published_at,source_name,source_url,source_key,text_for_scoring,id,topic_rule,score_rule,score_breakdown
Brazil kicks off COP30 climate events in year of distractions,,https://www.investing.com/news/stock-market-news/brazil-kicks-off-cop30-climate-events-in-year-of-distractions-4325968,2025-11-03T03:12:26+00:00,All News,https://www.investing.com/rss/news.rss,investing_news,Brazil kicks off COP30 climate events in year of distractions,6d12f71511d926ea39e4390ee2fee27bc8c47d90,None,0.0,"{""Liquidity"": 0.0, ""Credit"": 0.0, ""IRR"": 0.0}"
"Singapore property giants Mapletree, Capitaland consider $150 bln merger- reports",,https://www.investing.com/news/stock-market-news/singapore-property-giants-mapletree-capitaland-consider-150-bln-merger-reports-4325969,2025-11-03T03:10:05+00:00,All News,https://www.investing.com/rss/news.rss,investing_news,"Singapore property giants Mapletree, Capitaland consider $150 bln merger- reports",91ed2a42e63b9086f6cd15b0c12b5de2aac05811,Liquidity,1.0,"{""Liquidity"": 1.0, ""Credit"": 0.0, ""IRR"": 0.0}"
"Asia stocks tepid as China PMI disappoints; KOSPI hits fresh peak, RBA on tap",,https://www.investing.com/news/stock-market-news/asia-stocks-tepid-as-china-pmi-disappoints-kospi-hits-fresh-peak-rba-on-tap-4325967,2025-11-03T03:01:39+00:00,All News,https://www.investing.com/rss/news.rss,investing_news,"Asia stocks tepid as China PMI disappoints; KOSPI hits fresh peak, RBA on tap",ff198777de8f60868e8e747498232281d883dffc,None,0.0,"{""Liquidity"": 0.0, ""Credit"": 0.0, ""IRR"": 0.0}"
Trump says he will help 'Dilbert' creator Scott Adams obtain cancer treatment,,https://www.investing.com/news/world-news/trump-says-he-will-help-dilbert-creator-scott-adams-obtain-cancer-treatment-4325965,2025-11-03T03:00:47+00:00,All News,https://www.investing.com/rss/news.rss,investing_news,Trump says he will help 'Dilbert' creator Scott Adams obtain cancer treatment,41b488727de166c6f225540f5e51007bea81c011,None,0.0,"{""Liquidity"": 0.0, ""Credit"": 0.0, ""IRR"": 0.0}"
"UK police say train stabbings carried out by lone attacker, not terrorism",,https://www.investing.com/news/world-news/uk-counterterrorism-police-investigate-stabbings-on-train-4325892,2025-11-03T03:00:29+00:00,All News,https://www.investing.com/rss/news.rss,investing_news,"UK police say train stabbings carried out by lone attacker, not terrorism",51ea6651e47078b80e7ada99f13a10e711071846,None,0.0,"{""Liquidity"": 0.0, ""Credit"": 0.0, ""IRR"": 0.0}"
"US working overtime to speed up delayed F-16 deliveries, Taiwan says",,https://www.investing.com/news/stock-market-news/us-working-overtime-to-speed-up-delayed-f16-deliveries-taiwan-says-4325946,2025-11-03T02:48:24+00:00,All News,https://www.investing.com/rss/news.rss,investing_news,"US working overtime to speed up delayed F-16 deliveries, Taiwan says",e3a8b2975df27ecd7b543f8fd9b45a7b142fd3c0,None,0.0,"{""Liquidity"": 0.0, ""Credit"": 0.0, ""IRR"": 0.0}"
Hamas hands over three more hostage bodies,,https://www.investing.com/news/world-news/israeli-strike-kills-one-in-gaza-as-sides-trade-blame-for-truce-violations-4325913,2025-11-03T02:42:28+00:00,All News,https://www.investing.com/rss/news.rss,investing_news,Hamas hands over three more hostage bodies,ede81e681b4f7238eea1d354841cfd23c445838d,None,0.0,"{""Liquidity"": 0.0, ""Credit"": 0.0, ""IRR"": 0.0}"
Powerful 6.3 quake in Northern Afghanistan kills at least seven,,https://www.investing.com/news/world-news/powerful-63-quake-in-northern-afghanistan-kills-at-least-seven-4325966,2025-11-03T02:12:07+00:00,All News,https://www.investing.com/rss/news.rss,investing_news,Powerful 6.3 quake in Northern Afghanistan kills at least seven,9e00baf65726790881464e4670a8a7bf5cdcc20a,None,0.0,"{""Liquidity"": 0.0, ""Credit"": 0.0, ""IRR"": 0.0}"
China manufacturing activity rises less than expected in Oct- RatingDog PMI,,https://www.investing.com/news/economic-indicators/china-manufacturing-activity-rises-less-than-expected-in-oct-ratingdog-pmi-4325964,2025-11-03T02:01:51+00:00,All News,https://www.investing.com/rss/news.rss,investing_news,China manufacturing activity rises less than expected in Oct- RatingDog PMI,6fa1ff0824713c1ed4f66efafd63d029880c9255,None,0.0,"{""Liquidity"": 0.0, ""Credit"": 0.0, ""IRR"": 0.0}"
Trump says UK royals suffered 'terrible thing' with pressure over Epstein scandal,,https://www.investing.com/news/world-news/trump-says-uk-royals-suffered-terrible-thing-with-pressure-over-epstein-scandal-4325961,2025-11-03T02:00:30+00:00,All News,https://www.investing.com/rss/news.rss,investing_news,Trump says UK royals suffered 'terrible thing' with pressure over Epstein scandal,94cf06d3f5c74ebd94031581ccb8e18687a6a9ff,None,0.0,"{""Liquidity"": 0.0, ""Credit"": 0.0, ""IRR"": 0.0}"
U.S. stock futures rise as Wall Street looks to extend winning streak in November,"U.S. stock-index futures gained Sunday, after the major equity benchmarks extended their monthly winning streaks in October.",https://www.marketwatch.com/story/u-s-stock-futures-inch-higher-as-wall-street-looks-to-extend-winning-streak-in-november-b26c2fae?mod=mw_rss_topstories,2025-11-03T02:55:00+00:00,MarketWatch.com - Top Stories,https://www.marketwatch.com/rss/topstories.rss,marketwatch_headlines,"U.S. stock futures rise as Wall Street looks to extend winning streak in November U.S. stock-index futures gained Sunday, after the major equity benchmarks extended their monthly winning streaks in October.",9cf8a5e187d0d35f6ad76fe7e137f50cbd3092e4,None,0.0,"{""Liquidity"": 0.0, ""Credit"": 0.0, ""IRR"": 0.0}"
"Here’s what’s worth streaming in November 2025 on Netflix, Hulu, HBO Max and more","Netflix’s ‘Stranger Things’ kicks off its final season, ‘Pluribus’ is revealed on Apple, and ‘Landman’ returns to Paramount+",https://www.marketwatch.com/story/heres-whats-worth-streaming-in-november-2025-on-netflix-hulu-hbo-max-and-more-149f086e?mod=mw_rss_topstories,2025-11-03T00:21:00+00:00,MarketWatch.com - Top Stories,https://www.marketwatch.com/rss/topstories.rss,marketwatch_headlines,"Here’s what’s worth streaming in November 2025 on Netflix, Hulu, HBO Max and more Netflix’s ‘Stranger Things’ kicks off its final season, ‘Pluribus’ is revealed on Apple, and ‘Landman’ returns to Paramount+",bd169de6b30de670ea29c6e8027cfd26ca798481,None,0.0,"{""Liquidity"": 0.0, ""Credit"": 0.0, ""IRR"": 0.0}"
‘I don’t want to worry about money’: I’m 64 with $400K in savings and $700 in Social Security. Can I retire next year?,"“I take in about $2,200 in monthly rent from four properties.”",https://www.marketwatch.com/story/i-dont-want-to-worry-about-money-im-64-with-400k-in-savings-and-700-in-social-security-can-i-retire-next-year-40011032?mod=mw_rss_topstories,2025-11-03T00:00:00+00:00,MarketWatch.com - Top Stories,https://www.marketwatch.com/rss/topstories.rss,marketwatch_headlines,"‘I don’t want to worry about money’: I’m 64 with $400K in savings and $700 in Social Security. Can I retire next year? “I take in about $2,200 in monthly rent from four properties.”",7f096158a8e0593ad70dc1d5fbc6e2cf5b8b3d87,None,0.0,"{""Liquidity"": 0.0, ""Credit"": 0.0, ""IRR"": 0.0}"
I’m planning to retire at 65 when my twins are 15. How will this impact their healthcare coverage?,“By retiring when they are in the 10th grade my income will be low when they apply for college scholarships.”,https://www.marketwatch.com/story/im-planning-to-retire-at-65-when-my-twins-are-15-how-will-this-impact-their-healthcare-coverage-1579c475?mod=mw_rss_topstories,2025-11-02T22:51:00+00:00,MarketWatch.com - Top Stories,https://www.marketwatch.com/rss/topstories.rss,marketwatch_headlines,I’m planning to retire at 65 when my twins are 15. How will this impact their healthcare coverage? “By retiring when they are in the 10th grade my income will be low when they apply for college scholarships.”,56fe6c43739e63be0f673f506a50b920167bd808,None,0.0,"{""Liquidity"": 0.0, ""Credit"": 0.0, ""IRR"": 0.0}"
This stock-market rally isn’t letting up. Could it be making investors too greedy ahead of year’s end?,Stocks just logged their best midyear stretch since 1950. Is it time to take some profits?,https://www.marketwatch.com/story/this-stock-market-rally-isnt-letting-up-could-it-be-making-investors-too-greedy-ahead-of-year-end-68245a95?mod=mw_rss_topstories,2025-11-02T21:47:00+00:00,MarketWatch.com - Top Stories,https://www.marketwatch.com/rss/topstories.rss,marketwatch_headlines,This stock-market rally isn’t letting up. Could it be making investors too greedy ahead of year’s end? Stocks just logged their best midyear stretch since 1950. Is it time to take some profits?,d509cbfd8521166721364b59f4d50ad0d0eb52ba,None,0.0,"{""Liquidity"": 0.0, ""Credit"": 0.0, ""IRR"": 0.0}"
Corporate America’s hefty profit streak continues amid worries over job market,"Earnings Watch: Even as fretting over the economy remains a pastime on Wall Street, third-quarter corporate profit growth has held up, helped by big banks and big tech.",https://www.marketwatch.com/story/corporate-americas-hefty-profit-streak-continues-amid-worries-over-job-market-e2a81764?mod=mw_rss_topstories,2025-11-02T21:16:00+00:00,MarketWatch.com - Top Stories,https://www.marketwatch.com/rss/topstories.rss,marketwatch_headlines,"Corporate America’s hefty profit streak continues amid worries over job market Earnings Watch: Even as fretting over the economy remains a pastime on Wall Street, third-quarter corporate profit growth has held up, helped by big banks and big tech.",12dd63e5078959de38214400292cd73632bc7b0e,None,0.0,"{""Liquidity"": 0.0, ""Credit"": 0.0, ""IRR"": 0.0}"
Nvidia is the biggest winner from earnings season — and it hasn’t even reported yet,"The swelling AI budgets at Amazon, Meta and other Big Tech players bode well for Nvidia in the near term.",https://www.marketwatch.com/story/nvidia-is-the-biggest-winner-from-earnings-season-and-it-hasnt-even-reported-yet-0131f39e?mod=mw_rss_topstories,2025-11-02T21:10:00+00:00,MarketWatch.com - Top Stories,https://www.marketwatch.com/rss/topstories.rss,marketwatch_headlines,"Nvidia is the biggest winner from earnings season — and it hasn’t even reported yet The swelling AI budgets at Amazon, Meta and other Big Tech players bode well for Nvidia in the near term.",c03082868890746ae097d66cc829b8332d02e60c,Liquidity,1.0,"{""Liquidity"": 1.0, ""Credit"": 0.0, ""IRR"": 0.0}"
Is Big Tech’s soaring AI spending creating a bubble? Here’s what it means for stocks.,"Bulls say the tech rally can keep going, while bears warn of a repeat of the early-2000s dot-com crash.",https://www.marketwatch.com/story/is-big-techs-soaring-ai-spending-creating-a-bubble-heres-what-it-means-for-stocks-39fdd0d3?mod=mw_rss_topstories,2025-11-02T21:07:00+00:00,MarketWatch.com - Top Stories,https://www.marketwatch.com/rss/topstories.rss,marketwatch_headlines,"Is Big Tech’s soaring AI spending creating a bubble? Here’s what it means for stocks. Bulls say the tech rally can keep going, while bears warn of a repeat of the early-2000s dot-com crash.",11aefe471204df6d102c06f3d3ed83d7e0251363,None,0.0,"{""Liquidity"": 0.0, ""Credit"": 0.0, ""IRR"": 0.0}"
"OPEC+ to pause output hikes in first quarter to ease fears of glut, after one more boost in December","The eight nations of OPEC+ announced Sunday they will pause oil-production hikes in the first quarter of 2026, following a modest increase in December, as part of an effort to avoid a glut of crude.",https://www.marketwatch.com/story/opec-to-pause-output-hikes-in-first-quarter-to-ease-fears-of-glut-after-one-more-boost-in-december-b04efd32?mod=mw_rss_topstories,2025-11-02T20:27:00+00:00,MarketWatch.com - Top Stories,https://www.marketwatch.com/rss/topstories.rss,marketwatch_headlines,"OPEC+ to pause output hikes in first quarter to ease fears of glut, after one more boost in December The eight nations of OPEC+ announced Sunday they will pause oil-production hikes in the first quarter of 2026, following a modest increase in December, as part of an effort to avoid a glut of crude.",0b407bad444a5d927aa3dc6ddcd0bda7f054111d,None,0.0,"{""Liquidity"": 0.0, ""Credit"": 0.0, ""IRR"": 0.0}"
"My girlfriend, a widow in her 40s, pays off her credit card after every transaction. Is that weird?",“I saw her transfer $150 after we were done shopping.”,https://www.marketwatch.com/story/my-girlfriend-a-widow-in-her-40s-pays-off-her-credit-card-after-every-transaction-is-that-weird-0208db98?mod=mw_rss_topstories,2025-11-02T20:17:00+00:00,MarketWatch.com - Top Stories,https://www.marketwatch.com/rss/topstories.rss,marketwatch_headlines,"My girlfriend, a widow in her 40s, pays off her credit card after every transaction. Is that weird? “I saw her transfer $150 after we were done shopping.”",695af4cc33bef1bb01a97533a0ce3e474986a0cb,None,0.0,"{""Liquidity"": 0.0, ""Credit"": 0.0, ""IRR"": 0.0}"
